Rk,Player,Age,Team,Pos,G,GS,MP,FG,FGA,FG%,3P,3PA,3P%,2P,2PA,2P%,eFG%,FT,FTA,FT%,ORB,DRB,TRB,AST,STL,BLK,TOV,PF,PTS,Awards,Player-additional
1,Robert Parish,40,BOS,C,74,74,26.9,4.8,9.8,.491,0.0,0.0,,4.8,9.8,.491,.491,2.1,2.8,.740,1.9,5.4,7.3,1.1,0.6,1.3,1.5,2.6,11.7,,parisro01
2,Moses Malone,38,PHI,C,55,0,11.2,1.9,4.2,.440,0.0,0.0,.000,1.9,4.2,.442,.440,1.6,2.1,.769,1.9,2.2,4.1,0.6,0.2,0.3,1.1,0.9,5.3,,malonmo01
3,James Edwards,38,LAL,C,45,2,10.4,1.7,3.7,.464,0.0,0.0,,1.7,3.7,.464,.464,1.2,1.8,.684,0.2,1.2,1.4,0.5,0.1,0.1,0.7,2.0,4.7,,edwarja01
4,Tree Rollins,38,ORL,C,45,1,8.5,0.6,1.2,.547,0.0,0.0,,0.6,1.2,.547,.547,0.4,0.7,.600,0.7,1.4,2.1,0.2,0.2,0.8,0.3,1.2,1.7,,rollitr01
5,Bill Laimbeer,36,DET,C,11,5,22.5,4.3,8.2,.522,0.3,0.8,.333,4.0,7.4,.543,.539,1.0,1.2,.846,0.8,4.3,5.1,1.3,0.5,0.4,0.9,2.7,9.8,,laimbbi01
6,Bill Cartwright,36,CHI,C,42,41,18.6,2.3,4.5,.513,0.0,0.0,,2.3,4.5,.513,.513,0.9,1.4,.684,1.0,2.6,3.6,1.4,0.2,0.2,1.2,2.0,5.6,,cartwbi01
7,Charles Jones,36,DET,C,42,0,20.9,0.9,1.9,.462,0.0,0.0,.000,0.9,1.8,.468,.462,0.5,0.8,.559,2.1,3.5,5.6,0.7,0.3,1.0,0.3,3.2,2.2,,jonesch01
8,Earl Cureton,36,HOU,PF,2,0,15.0,1.0,4.0,.250,0.0,0.0,,1.0,4.0,.250,.250,0.0,1.0,.000,2.0,4.0,6.0,0.0,0.0,0.0,0.5,2.0,2.0,,curetea01
9,Ron Anderson,35,2TM,SF,21,2,17.0,1.7,4.1,.407,0.3,1.2,.269,1.3,2.9,.467,.448,0.9,1.1,.826,0.8,1.8,2.5,0.8,0.4,0.1,0.5,0.8,4.6,,anderro01
10,Frank Johnson,35,PHO,PG,70,5,12.5,1.9,4.3,.448,0.0,0.2,.167,1.9,4.1,.460,.452,0.8,1.0,.783,0.4,0.8,1.2,2.1,0.6,0.0,0.9,1.7,4.6,,johnsfr01
11,Kurt Rambis,35,LAL,PF,50,1,12.7,1.2,2.3,.518,0.0,0.0,.000,1.2,2.3,.522,.518,0.9,1.4,.648,1.7,2.1,3.8,0.6,0.4,0.5,0.5,1.8,3.3,,rambiku01
12,Herb Williams,35,NYK,C,70,3,11.1,1.5,3.3,.442,0.0,0.0,.000,1.5,3.3,.444,.442,0.4,0.6,.643,0.8,1.8,2.6,0.4,0.3,0.6,0.6,1.5,3.3,,willihe01
13,Rick Mahorn,35,NJN,PF,28,0,8.1,0.8,1.7,.489,0.0,0.0,.000,0.8,1.6,.500,.489,0.5,0.7,.650,0.6,1.4,1.9,0.2,0.1,0.2,0.3,1.4,2.1,,mahorri01
14,Dominique Wilkins,34,2TM,SF,74,74,35.6,9.4,21.5,.440,1.1,4.0,.288,8.3,17.5,.474,.466,6.0,7.1,.847,2.5,4.0,6.5,2.3,1.2,0.4,2.3,1.7,26.0,MVP-11ASNBA3,wilkido01
15,Ricky Pierce,34,SEA,SG,51,0,20.0,5.3,11.3,.471,0.1,0.6,.188,5.2,10.7,.488,.477,3.7,4.1,.896,0.6,1.1,1.6,1.8,0.8,0.1,1.3,1.6,14.5,6MOY-4,piercri01
16,Frank Brickowski,34,2TM,C,71,46,29.5,5.2,10.6,.488,0.1,0.3,.200,5.1,10.3,.496,.491,2.7,3.6,.768,1.2,4.5,5.7,3.1,1.1,0.4,2.5,3.4,13.2,,brickfr01
17,Orlando Woolridge,34,PHI,SF,74,1,26.4,4.9,10.4,.471,0.0,0.2,.071,4.9,10.3,.478,.472,2.8,4.1,.689,1.4,2.6,4.0,1.9,0.6,0.8,1.9,2.5,12.7,6MOY-6,woolror01
18,Eddie Johnson,34,CHH,SF,73,27,20.0,4.6,10.1,.459,0.8,2.1,.393,3.8,8.1,.476,.499,1.4,1.7,.780,1.1,2.0,3.1,1.7,0.5,0.1,1.2,2.0,11.5,,johnsed03
19,Tom Chambers,34,UTA,PF,80,0,23.0,4.1,9.4,.440,0.2,0.6,.311,3.9,8.8,.448,.449,2.8,3.5,.786,1.1,3.0,4.1,1.0,0.5,0.4,1.1,2.9,11.2,,chambto01
20,Larry Nance,34,CLE,PF,33,19,27.5,4.6,9.5,.487,0.0,0.0,,4.6,9.5,.487,.487,1.9,2.6,.753,2.3,4.5,6.9,1.5,0.8,1.7,1.2,2.9,11.2,,nancela01
21,Mark Aguirre,34,LAC,SF,39,0,22.0,4.2,8.9,.468,0.9,2.4,.398,3.2,6.5,.494,.522,1.3,1.8,.694,0.7,2.3,3.0,2.7,0.5,0.2,1.8,2.5,10.6,,aguirma01
22,Danny Ainge,34,PHO,SG,68,1,22.9,3.3,7.9,.417,1.2,3.6,.328,2.1,4.3,.491,.492,1.1,1.4,.830,0.4,1.5,1.9,2.6,0.8,0.1,1.2,2.1,8.9,,aingeda01
23,Rolando Blackman,34,NYK,SG,55,1,17.6,2.9,6.7,.436,0.5,1.5,.357,2.4,5.2,.460,.477,0.9,1.0,.906,0.4,1.3,1.7,1.4,0.5,0.1,0.8,1.8,7.3,,blackro01
24,Rod Higgins,34,CLE,SF,36,11,15.2,2.0,4.5,.436,0.6,1.4,.440,1.4,3.1,.434,.503,0.9,1.2,.738,0.7,1.6,2.3,1.0,0.7,0.4,0.6,1.5,5.4,,higgiro01
25,Mike Gminski,34,2TM,C,29,7,10.7,1.2,3.6,.350,0.0,0.0,,1.2,3.6,.350,.350,0.5,0.6,.778,0.8,1.8,2.6,0.4,0.4,0.6,0.4,0.8,3.0,,gminsmi01
26,Chuck Nevitt,34,SAS,C,1,0,1.0,0.0,0.0,,0.0,0.0,,0.0,0.0,,,3.0,6.0,.500,1.0,0.0,1.0,0.0,0.0,0.0,1.0,1.0,3.0,,nevitch01
27,Lester Conner,34,IND,PG,11,0,15.4,1.3,3.5,.368,0.0,0.3,.000,1.3,3.2,.400,.368,0.3,0.5,.500,0.9,1.3,2.2,2.8,1.3,0.1,0.8,1.1,2.8,,connele01
28,Danny Schayes,34,2TM,C,36,6,10.1,0.8,2.3,.333,0.0,0.0,,0.8,2.3,.333,.333,0.8,0.9,.906,0.9,1.3,2.2,0.4,0.3,0.3,0.6,1.3,2.4,,schayda01
29,Dale Ellis,33,SAS,SF,77,75,33.6,6.2,12.6,.494,1.7,4.3,.395,4.5,8.2,.546,.562,1.1,1.4,.776,0.9,2.4,3.3,1.0,0.9,0.1,1.0,1.8,15.2,,ellisda01
30,Buck Williams,33,POR,PF,81,81,32.5,3.6,6.5,.555,0.0,0.0,.000,3.6,6.5,.556,.555,2.5,3.7,.679,3.9,6.5,10.4,1.0,0.7,0.6,1.4,3.0,9.7,,willibu01
31,Fat Lever,33,DAL,PG,81,54,24.0,2.8,6.9,.408,0.3,0.9,.351,2.5,6.0,.416,.431,0.9,1.2,.765,1.0,2.5,3.5,2.6,2.0,0.2,1.1,1.9,6.9,,leverfa01
32,Mark West,33,PHO,C,82,50,15.1,2.0,3.5,.566,0.0,0.0,,2.0,3.5,.566,.566,0.7,1.4,.500,1.4,2.2,3.6,0.4,0.4,1.3,0.9,2.6,4.7,,westma01
33,Sleepy Floyd,33,SAS,PG,53,2,13.9,1.3,3.9,.335,0.2,0.7,.222,1.2,3.3,.358,.354,1.0,1.5,.667,0.2,1.1,1.3,1.9,0.2,0.2,1.2,1.3,3.8,,floydsl01
34,John Paxson,33,CHI,PG,27,0,12.7,1.1,2.5,.441,0.3,0.8,.409,0.8,1.7,.457,.507,0.0,0.1,.500,0.1,0.6,0.7,1.2,0.3,0.1,0.2,0.7,2.6,,paxsojo01
35,John Bagley,33,ATL,PG,3,0,4.3,0.0,0.7,.000,0.0,0.0,,0.0,0.7,.000,.000,0.7,0.7,1.000,0.0,0.3,0.3,1.0,0.0,0.0,0.0,0.7,0.7,,baglejo01
36,Randy Breuer,33,SAC,C,26,3,9.5,0.3,1.0,.308,0.0,0.0,.000,0.3,1.0,.320,.308,0.1,0.5,.214,0.6,1.6,2.2,0.3,0.2,0.7,0.3,1.2,0.7,,breuera01
37,Jeff Malone,32,2TM,SG,77,73,33.2,6.8,14.0,.486,0.1,0.2,.583,6.7,13.9,.485,.489,2.7,3.2,.830,0.7,1.9,2.6,1.6,0.5,0.1,1.1,1.6,16.4,,malonje01
38,Isiah Thomas,32,DET,PG,58,56,30.2,5.5,13.2,.417,0.7,2.2,.310,4.8,11.0,.438,.442,3.1,4.4,.702,0.8,1.9,2.7,6.9,1.2,0.1,3.5,2.2,14.8,,thomais01
39,Sam Perkins,32,SEA,PF,81,41,26.8,4.2,9.6,.438,1.2,3.3,.367,3.0,6.3,.475,.501,2.7,3.4,.801,1.5,3.0,4.5,1.4,0.8,0.4,1.3,2.4,12.3,,perkisa01
40,Sedale Threatt,32,LAL,PG,81,20,28.1,5.1,10.5,.482,0.1,0.4,.152,5.0,10.1,.496,.485,1.7,1.9,.890,0.3,1.5,1.9,4.2,1.4,0.2,1.3,2.3,11.9,,threase01
41,Byron Scott,32,IND,SG,67,2,17.9,3.8,8.2,.467,0.4,1.1,.365,3.4,7.1,.483,.492,2.3,2.9,.805,0.3,1.4,1.6,2.0,0.9,0.1,1.5,1.2,10.4,,scottby01
42,James Worthy,32,LAL,SF,80,2,20.0,4.3,10.5,.406,0.4,1.4,.288,3.9,9.1,.424,.425,1.3,1.7,.741,0.6,1.7,2.3,1.9,0.6,0.2,1.2,1.0,10.2,,worthja01
43,Craig Ehlo,32,ATL,SG,82,0,26.2,3.9,8.6,.446,0.9,2.7,.348,2.9,5.9,.491,.501,1.4,1.9,.727,0.9,2.5,3.4,3.3,1.7,0.3,1.6,2.0,10.0,6MOY-3,ehlocr01
44,Derek Harper,32,2TM,PG,82,55,26.9,3.7,9.1,.407,0.9,2.5,.360,2.8,6.6,.425,.456,1.4,2.0,.687,0.2,1.5,1.7,4.1,1.5,0.1,1.6,2.0,9.6,,harpede01
45,Sam Bowie,32,LAL,C,25,7,22.2,3.0,6.9,.436,0.0,0.2,.250,3.0,6.7,.440,.439,2.9,3.3,.867,1.1,4.2,5.2,1.9,0.2,1.1,1.7,2.6,8.9,,bowiesa01
46,Doc Rivers,32,NYK,PG,19,19,26.3,2.9,6.7,.433,1.0,2.7,.365,1.9,3.9,.480,.508,0.7,1.2,.636,0.2,1.8,2.1,5.3,1.3,0.3,1.5,2.3,7.5,,riverdo01
47,Thurl Bailey,32,MIN,PF,79,3,16.4,2.9,5.8,.510,0.0,0.0,.000,2.9,5.7,.512,.510,1.5,1.9,.799,0.8,1.9,2.7,0.7,0.3,0.7,0.7,1.2,7.4,,baileth01
48,Terry Cummings,32,SAS,PF,59,29,19.2,3.1,7.3,.428,0.0,0.0,.000,3.1,7.2,.430,.428,1.1,1.8,.589,2.2,2.8,5.0,0.8,0.5,0.2,1.0,2.3,7.3,,cummite01
49,Antoine Carr,32,SAS,PF,34,0,13.7,2.3,4.7,.488,0.0,0.0,.000,2.3,4.7,.491,.488,1.2,1.7,.724,0.4,1.1,1.5,0.4,0.3,0.6,0.4,2.2,5.8,,carran01
50,Dennis Rodman,32,SAS,PF,79,51,37.8,2.0,3.7,.534,0.1,0.3,.208,1.9,3.4,.563,.543,0.7,1.3,.520,5.7,11.6,17.3,2.3,0.7,0.4,1.7,2.9,4.7,MVP-11DPOY-66MOY-6DEF2,rodmade01
51,Michael Cage,32,SEA,C,82,42,20.8,2.1,3.8,.545,0.0,0.0,.000,2.1,3.8,.546,.545,0.4,0.9,.486,2.0,3.4,5.4,0.5,0.9,0.5,0.6,2.2,4.6,,cagemi01
52,Joe Kleine,32,PHO,C,74,4,11.5,1.7,3.5,.488,0.1,0.1,.455,1.6,3.3,.490,.498,0.4,0.5,.769,0.7,1.9,2.6,0.6,0.2,0.3,0.5,1.6,3.9,,kleinjo01
53,Ben Coleman,32,DET,PF,9,0,8.6,1.3,2.8,.480,0.0,0.0,,1.3,2.8,.480,.480,0.4,0.9,.500,1.1,1.8,2.9,0.0,0.2,0.2,0.8,1.0,3.1,,colembe01
54,LaSalle Thompson,32,IND,C,30,1,9.4,0.9,2.6,.351,0.0,0.0,,0.9,2.6,.351,.351,0.5,1.0,.533,0.9,1.6,2.5,0.5,0.3,0.3,0.8,2.0,2.3,,thompla01
55,Greg Kite,32,ORL,C,29,0,10.7,0.4,1.2,.371,0.0,0.0,,0.4,1.2,.371,.371,0.3,0.8,.364,0.8,1.7,2.4,0.1,0.1,0.4,0.6,2.1,1.2,,kitegr01
56,Hakeem Olajuwon,31,HOU,C,80,80,41.0,11.2,21.2,.528,0.1,0.2,.421,11.1,20.9,.529,.530,4.9,6.8,.716,2.9,9.1,11.9,3.6,1.6,3.7,3.4,3.6,27.3,MVP-1DPOY-1ASNBA1DEF1,olajuha01
57,Patrick Ewing,31,NYK,C,79,79,37.6,9.4,19.0,.496,0.1,0.2,.286,9.4,18.8,.498,.497,5.6,7.4,.765,2.8,8.4,11.2,2.3,1.1,2.7,3.3,3.5,24.5,MVP-5AS,ewingpa01
58,Clyde Drexler,31,POR,SG,68,68,34.3,7.0,16.3,.428,1.0,3.2,.324,5.9,13.0,.454,.460,4.2,5.4,.777,2.3,4.3,6.5,4.9,1.4,0.5,2.5,3.0,19.2,AS,drexlcl01
59,Kevin Willis,31,ATL,PF,80,80,35.8,7.8,15.7,.499,0.1,0.3,.375,7.7,15.4,.501,.502,3.4,4.7,.713,4.2,7.9,12.0,1.9,1.0,0.5,2.4,3.1,19.1,MVP-11,willike02
60,John Stockton,31,UTA,PG,82,82,36.2,5.6,10.6,.528,0.6,1.8,.322,5.0,8.8,.570,.555,3.3,4.1,.805,0.9,2.3,3.1,12.6,2.4,0.3,3.2,2.9,15.1,MVP-11ASNBA1,stockjo01
61,Detlef Schrempf,31,SEA,SF,81,80,33.7,5.5,11.1,.493,0.3,0.8,.324,5.2,10.3,.507,.505,3.7,4.8,.769,1.8,3.8,5.6,3.4,0.9,0.1,2.1,3.4,15.0,,schrede01
62,Otis Thorpe,31,HOU,PF,82,82,35.5,5.5,9.8,.561,0.0,0.0,.000,5.5,9.7,.562,.561,3.1,4.7,.657,3.3,7.3,10.6,2.3,0.8,0.3,2.3,3.1,14.0,,thorpot01
63,Hot Rod Williams,31,CLE,PF,76,72,35.0,5.2,10.9,.478,0.0,0.0,,5.2,10.9,.478,.478,3.3,4.6,.728,2.7,4.8,7.6,2.5,1.0,1.7,1.8,2.9,13.7,,williho01
64,Michael Adams,31,WSB,PG,70,67,33.4,4.1,10.0,.408,0.8,2.7,.288,3.3,7.2,.454,.448,3.2,3.9,.830,0.5,2.1,2.6,6.9,1.4,0.1,2.4,2.0,12.1,,adamsmi01
65,Tony Campbell,31,2TM,SF,63,14,19.3,3.6,8.1,.443,0.1,0.4,.250,3.5,7.7,.455,.450,1.5,1.9,.783,1.2,1.7,3.0,1.3,0.8,0.2,1.3,2.1,8.8,,campbto01
66,Tyrone Corbin,31,UTA,SF,82,17,26.2,3.3,7.2,.456,0.1,0.4,.207,3.2,6.8,.469,.461,1.4,1.8,.813,1.8,2.9,4.7,1.5,1.2,0.3,1.1,2.6,8.0,,corbity01
67,Jay Humphries,31,UTA,SG,75,19,21.6,3.1,7.1,.436,0.5,1.3,.396,2.6,5.9,.444,.471,0.8,1.0,.750,0.5,1.2,1.7,2.9,0.9,0.1,1.3,2.2,7.5,,humphja01
68,John Battle,31,CLE,SG,51,1,16.0,2.5,5.4,.476,0.1,0.4,.263,2.5,5.0,.492,.485,1.4,1.9,.753,0.1,0.6,0.8,1.6,0.4,0.0,0.8,1.3,6.6,,battljo01
69,Jeff Turner,31,ORL,PF,68,51,22.6,2.9,6.3,.467,0.3,0.8,.327,2.7,5.5,.488,.488,0.5,0.7,.778,1.2,2.8,4.0,0.9,0.3,0.2,1.1,3.5,6.6,,turneje01
70,Vern Fleming,31,IND,PG,55,5,19.1,2.7,5.8,.462,0.0,0.1,.000,2.7,5.7,.468,.462,1.2,1.6,.736,0.5,1.7,2.2,3.1,0.7,0.1,1.6,1.8,6.5,,flemive01
71,Jerome Kersey,31,POR,SF,78,6,16.4,2.6,6.0,.433,0.0,0.1,.125,2.6,5.9,.438,.434,1.3,1.7,.748,1.7,2.6,4.2,1.0,0.9,0.6,0.8,2.7,6.5,,kerseje01
72,Ennis Whatley,31,ATL,PG,82,1,12.2,1.5,2.9,.508,0.0,0.1,.000,1.5,2.8,.522,.508,0.6,0.8,.788,0.3,0.9,1.2,2.2,0.7,0.0,1.0,1.1,3.6,,whatlen01
73,Greg Dreiling,31,DAL,C,54,19,12.7,1.0,1.9,.500,0.0,0.0,1.000,0.9,1.9,.495,.505,0.5,0.7,.711,0.9,2.3,3.1,0.6,0.3,0.4,0.8,2.9,2.4,,dreilgr01
74,Manute Bol,31,3TM,C,14,0,8.3,0.3,1.4,.211,0.0,0.2,.000,0.3,1.1,.250,.211,0.0,0.0,,0.2,1.1,1.3,0.1,0.1,1.1,0.4,0.9,0.6,,bolma01
75,Sedric Toney,31,CLE,PG,12,0,5.3,0.2,1.0,.167,0.0,0.1,.000,0.2,0.9,.182,.167,0.2,0.2,1.000,0.1,0.2,0.3,0.9,0.0,0.0,0.4,0.7,0.5,,toneyse01
76,Karl Malone,30,UTA,PF,82,82,40.6,9.4,18.9,.497,0.1,0.4,.250,9.3,18.5,.503,.500,6.2,9.0,.694,2.9,8.6,11.5,4.0,1.5,1.5,2.9,3.3,25.2,MVP-7ASNBA1,malonka01
77,Charles Barkley,30,PHO,PF,65,65,35.4,8.0,16.1,.495,0.7,2.7,.270,7.2,13.4,.541,.518,4.9,7.0,.704,3.0,8.1,11.2,4.6,1.6,0.6,3.2,2.5,21.6,MVP-10ASNBA2,barklch01
78,Joe Dumars,30,DET,SG,69,69,37.6,7.3,16.2,.452,1.8,4.6,.388,5.5,11.6,.477,.507,4.0,4.8,.836,0.5,1.7,2.2,3.8,0.9,0.1,2.3,1.7,20.4,,dumarjo01
79,Ron Harper,30,LAC,SG,75,75,38.1,7.6,17.8,.426,0.9,3.1,.301,6.6,14.7,.453,.453,4.0,5.6,.715,1.7,4.4,6.1,4.6,1.9,0.7,3.2,2.2,20.1,,harpero01
80,Chris Mullin,30,GSW,SF,62,39,37.5,6.6,14.0,.472,0.9,2.4,.364,5.7,11.6,.494,.503,2.7,3.5,.753,1.0,4.5,5.6,5.1,1.7,0.9,2.9,1.8,16.8,,mullich01
81,Jeff Hornacek,30,2TM,SG,80,62,35.3,5.9,12.6,.470,0.9,2.6,.337,5.0,10.0,.505,.505,3.3,3.7,.878,0.8,2.7,3.5,5.2,1.6,0.2,2.1,2.3,15.9,,hornaje01
82,A.C. Green,30,PHO,PF,82,55,34.5,5.7,11.3,.502,0.1,0.4,.229,5.6,10.9,.513,.506,3.2,4.4,.735,3.4,5.8,9.2,1.7,0.9,0.5,1.2,1.7,14.7,,greenac01
83,Gerald Wilkins,30,CLE,SG,82,82,33.8,5.4,11.9,.457,1.0,2.6,.396,4.4,9.3,.474,.501,2.4,3.0,.776,1.3,2.4,3.7,3.1,1.3,0.5,1.6,2.3,14.3,,wilkige01
84,Terry Porter,30,POR,PG,77,34,26.9,4.5,10.9,.416,1.4,3.7,.390,3.1,7.2,.430,.482,2.6,3.0,.872,0.6,2.2,2.8,5.2,1.0,0.2,2.2,1.7,13.1,,portete01
85,Spud Webb,30,SAC,PG,79,62,32.5,4.7,10.3,.460,0.7,2.1,.335,4.0,8.2,.492,.494,2.6,3.2,.813,0.6,2.3,2.8,6.7,1.2,0.3,2.1,2.3,12.7,,webbsp01
86,Charles Oakley,30,NYK,PF,82,82,35.8,4.4,9.3,.478,0.0,0.0,.000,4.4,9.2,.480,.478,3.0,3.8,.776,4.3,7.5,11.8,2.7,1.3,0.2,2.4,3.6,11.8,DPOY-9ASDEF1,oaklech01
87,Xavier McDaniel,30,BOS,SF,82,5,24.0,4.7,10.2,.461,0.1,0.5,.244,4.6,9.7,.472,.467,1.8,2.6,.676,1.7,3.1,4.9,1.5,0.6,0.5,1.4,2.4,11.3,,mcdanxa01
88,Johnny Newman,30,2TM,SF,81,18,21.0,3.9,8.2,.471,0.3,1.1,.267,3.6,7.1,.503,.489,2.2,2.8,.809,1.1,1.2,2.2,0.9,0.9,0.3,1.1,2.4,10.3,6MOY-6,newmajo01
89,Mario Elie,30,HOU,SF,67,8,24.0,3.1,7.0,.446,0.8,2.5,.335,2.3,4.5,.508,.506,2.3,2.7,.860,0.4,2.3,2.7,3.1,0.7,0.1,1.6,1.9,9.3,6MOY-6,eliema01
90,Pete Myers,30,CHI,SG,82,81,24.8,3.1,6.8,.455,0.1,0.4,.276,3.0,6.4,.465,.462,1.7,2.4,.701,0.7,1.5,2.2,3.0,1.0,0.2,1.7,2.4,7.9,,myerspe01
91,Bill Wennington,30,CHI,C,76,0,18.0,3.1,6.3,.488,0.0,0.0,.000,3.1,6.3,.490,.488,0.9,1.2,.818,1.5,3.1,4.6,0.9,0.6,0.4,1.0,2.8,7.1,,wennibi01
92,Johnny Dawkins,30,PHI,PG,72,12,18.7,2.5,5.9,.418,0.5,1.5,.352,1.9,4.4,.440,.462,1.2,1.4,.840,0.4,1.3,1.7,3.7,0.9,0.1,1.5,1.0,6.6,,dawkijo01
93,David Wingate,30,CHH,SG,50,36,20.1,2.7,5.7,.481,0.1,0.2,.333,2.6,5.4,.487,.488,0.7,1.0,.667,0.6,2.1,2.7,2.1,0.8,0.1,1.1,1.7,6.2,,wingada01
94,Ed Pinckney,30,BOS,PF,76,35,20.1,2.0,3.8,.522,0.0,0.0,,2.0,3.8,.522,.522,1.2,1.6,.736,2.1,4.2,6.3,0.8,0.8,0.6,0.8,1.7,5.2,,pincked01
95,Sam Mitchell,30,IND,PF,75,18,14.5,1.9,4.1,.458,0.0,0.1,.000,1.9,4.0,.465,.458,1.1,1.5,.745,0.9,1.6,2.5,0.9,0.4,0.1,0.7,2.0,4.8,,mitchsa01
96,Anthony Bowie,30,ORL,SG,70,0,13.5,2.0,4.1,.481,0.0,0.3,.056,2.0,3.9,.509,.483,0.6,0.7,.837,0.4,1.3,1.7,1.5,0.5,0.2,0.8,1.2,4.6,,bowiean01
97,Jon Koncak,30,ATL,C,82,78,22.2,1.9,4.5,.431,0.0,0.0,.000,1.9,4.5,.434,.431,0.3,0.4,.667,1.0,3.4,4.5,1.2,0.8,1.5,0.5,2.9,4.2,,koncajo01
98,Mike Brown,30,MIN,C,82,40,23.4,1.4,3.2,.427,0.0,0.0,.000,1.4,3.1,.430,.427,0.9,1.4,.653,1.5,4.0,5.5,0.9,0.6,0.4,0.9,2.7,3.6,,brownmi01
99,Tim Kempton,30,2TM,PF,13,0,10.5,1.2,2.9,.395,0.0,0.0,,1.2,2.9,.395,.395,0.7,1.2,.563,0.8,1.1,1.8,0.7,0.5,0.2,0.8,2.5,3.0,,kemptti01
100,Jim Les,30,SAC,PG,18,0,9.4,0.7,1.9,.382,0.4,1.0,.444,0.3,0.9,.313,.500,0.6,0.7,.846,0.3,0.4,0.7,2.2,0.4,0.1,0.6,0.9,2.5,,lesji01
101,Jack Haley,30,SAS,PF,28,0,3.4,0.8,1.7,.438,0.0,0.0,,0.8,1.7,.438,.438,0.6,0.8,.810,0.2,0.6,0.9,0.0,0.0,0.0,0.4,0.6,2.1,,haleyja01
102,Tod Murphy,30,2TM,PF,9,0,7.4,0.7,1.3,.500,0.0,0.0,,0.7,1.3,.500,.500,0.3,0.7,.500,0.4,0.7,1.1,0.4,0.2,0.0,0.1,1.1,1.7,,murphto01
103,Mark Price,29,CLE,PG,76,73,31.4,6.3,13.2,.478,1.6,3.9,.397,4.8,9.3,.511,.536,3.1,3.5,.888,0.5,2.5,3.0,7.8,1.4,0.1,2.5,1.2,17.3,MVP-9ASNBA3,pricema01
104,Wayman Tisdale,29,SAC,PF,79,77,32.4,7.0,13.9,.501,0.0,0.0,,7.0,13.9,.501,.501,2.7,3.4,.808,2.0,5.1,7.1,1.8,0.5,0.7,1.6,3.7,16.7,,tisdawa01
105,Dell Curry,29,CHH,SG,82,0,26.5,6.5,14.3,.455,1.9,4.6,.402,4.6,9.7,.480,.520,1.4,1.6,.873,0.9,2.3,3.2,2.7,1.2,0.3,1.5,2.0,16.3,6MOY-1,curryde01
106,Reggie Williams,29,DEN,SF,82,68,32.4,5.1,12.4,.412,0.8,2.8,.278,4.3,9.6,.452,.444,2.0,2.7,.733,1.2,3.6,4.8,3.7,1.4,0.8,2.0,3.5,13.0,,willire01
107,Ken Norman,29,MIL,SF,82,75,31.0,5.0,11.2,.448,0.8,2.3,.333,4.3,8.9,.478,.483,1.1,2.2,.503,2.1,4.0,6.1,2.7,0.7,0.6,1.8,2.5,11.9,,normake01
108,Armen Gilliam,29,NJN,PF,82,5,24.0,4.2,8.3,.510,0.0,0.0,.000,4.2,8.3,.511,.510,3.3,4.4,.759,2.4,3.7,6.1,0.8,0.5,0.7,1.3,1.6,11.8,6MOY-5,gilliar01
109,Olden Polynice,29,2TM,C,68,65,35.3,5.1,9.7,.523,0.0,0.0,.000,5.1,9.7,.524,.523,1.4,2.8,.508,4.4,7.5,11.9,0.6,0.6,1.0,1.1,2.8,11.6,,polynol01
110,Chuck Person,29,MIN,SF,77,37,26.4,4.6,10.9,.422,1.3,3.5,.368,3.3,7.4,.448,.482,1.1,1.4,.759,0.7,2.6,3.3,2.4,0.6,0.2,1.6,2.1,11.6,,persoch01
111,Muggsy Bogues,29,CHH,PG,77,77,35.7,4.6,9.8,.471,0.0,0.2,.167,4.6,9.6,.476,.473,1.6,2.0,.806,1.0,3.1,4.1,10.1,1.7,0.0,2.2,1.9,10.8,,boguemu01
112,Scott Skiles,29,ORL,PG,82,46,28.1,3.4,7.9,.429,0.8,2.0,.412,2.5,5.8,.434,.481,2.4,2.7,.878,0.5,1.8,2.3,6.1,0.6,0.0,2.4,2.1,9.9,,skilesc01
113,Benoit Benjamin,29,NJN,C,77,74,23.6,3.7,7.6,.480,0.0,0.0,,3.7,7.6,.480,.480,2.0,2.8,.710,1.8,4.7,6.5,0.6,0.5,1.2,1.3,2.6,9.3,,benjabe01
114,Kenny Gattison,29,CHH,PF,77,18,21.4,3.0,5.8,.524,0.0,0.0,,3.0,5.8,.524,.524,1.6,2.5,.646,1.4,3.3,4.6,1.2,0.8,0.6,1.0,3.0,7.7,,gattike01
115,John Salley,29,MIA,PF,76,45,25.1,2.7,5.7,.477,0.0,0.0,.667,2.7,5.7,.476,.479,2.2,3.0,.729,1.7,3.6,5.4,1.8,0.7,1.0,1.2,3.4,7.7,,sallejo01
116,Kevin Duckworth,29,WSB,C,69,52,21.5,2.7,6.4,.417,0.0,0.0,,2.7,6.4,.417,.417,1.3,1.9,.667,1.5,3.2,4.7,0.8,0.5,0.5,1.5,3.2,6.6,,duckwke01
117,Greg Anderson,29,DET,PF,77,47,21.1,2.6,4.8,.543,0.0,0.0,.333,2.6,4.8,.545,.545,1.1,2.0,.571,2.4,5.0,7.4,0.7,0.7,0.9,1.2,3.0,6.4,,andergr01
118,Nate McMillan,29,SEA,PG,73,8,25.8,2.4,5.4,.447,0.7,1.8,.391,1.7,3.6,.475,.513,0.4,0.8,.564,0.7,3.2,3.9,5.3,3.0,0.3,1.7,2.8,6.0,DPOY-76MOY-2DEF2,mcmilna01
119,Andre Spencer,29,2TM,SF,28,1,12.5,1.9,4.2,.441,0.0,0.0,,1.9,4.2,.441,.441,2.0,2.8,.714,1.1,1.5,2.6,0.8,0.7,0.3,0.8,1.5,5.7,,spencan01
120,Larry Krystkowiak,29,ORL,PF,34,11,20.1,2.1,4.4,.480,0.0,0.0,.000,2.1,4.3,.483,.480,0.9,1.1,.795,1.1,2.5,3.6,1.0,0.4,0.1,0.9,2.2,5.1,,krystla01
121,Kenny Walker,29,WSB,SF,73,4,19.1,1.8,3.8,.482,0.0,0.0,.000,1.8,3.7,.487,.482,1.2,1.7,.696,1.6,2.3,4.0,0.5,0.4,0.8,0.6,2.1,4.8,,walkeke01
122,David Wood,29,DET,PF,78,3,15.2,1.5,3.3,.459,0.3,0.6,.449,1.2,2.7,.462,.502,0.8,1.1,.756,1.3,1.7,3.1,0.7,0.5,0.2,0.4,2.6,4.1,,woodda01
123,Brad Lohaus,29,MIL,PF,67,2,14.4,1.5,4.2,.363,0.7,2.0,.343,0.8,2.2,.381,.445,0.3,0.4,.690,0.5,1.7,2.2,0.9,0.4,0.8,0.9,2.1,4.0,,lohaubr01
124,Jim Farmer,29,DEN,SG,4,0,7.3,0.5,1.5,.333,0.0,0.5,.000,0.5,1.0,.500,.333,0.0,0.0,,0.0,0.5,0.5,1.0,0.0,0.0,1.3,0.8,1.0,,farmeji01
125,David Robinson,28,SAS,C,80,80,40.5,10.5,20.7,.507,0.1,0.4,.345,10.4,20.4,.510,.510,8.7,11.6,.749,3.0,7.7,10.7,4.8,1.7,3.3,3.2,2.9,29.8,MVP-2DPOY-2ASNBA2DEF2,robinda01
126,Mitch Richmond,28,SAC,SG,78,78,37.1,8.1,18.3,.445,1.6,4.0,.407,6.5,14.3,.455,.489,5.5,6.6,.834,0.9,2.8,3.7,4.0,1.3,0.2,2.8,2.7,23.4,ASNBA2,richmmi01
127,Scottie Pippen,28,CHI,SF,72,72,38.3,8.7,17.8,.491,0.9,2.7,.320,7.8,15.0,.522,.515,3.8,5.7,.660,2.4,6.3,8.7,5.6,2.9,0.8,3.2,3.2,22.0,MVP-3DPOY-4ASNBA1DEF1,pippesc01
128,Reggie Miller,28,IND,SG,79,79,33.4,6.6,13.2,.503,1.6,3.7,.421,5.1,9.5,.535,.562,5.1,5.6,.908,0.4,2.3,2.7,3.1,1.5,0.3,2.2,2.4,19.9,,millere01
129,John Starks,28,NYK,SG,59,54,34.9,6.9,16.6,.420,1.9,5.7,.335,5.0,10.8,.464,.477,3.2,4.2,.754,0.6,2.5,3.1,5.9,1.6,0.1,3.1,3.2,19.0,AS,starkjo01
130,Brad Daugherty,28,CLE,C,50,50,36.8,5.9,12.1,.488,0.0,0.0,,5.9,12.1,.488,.488,5.1,6.5,.785,2.6,7.6,10.2,3.0,0.8,0.7,2.2,2.9,17.0,,daughbr01
131,Dan Majerle,28,PHO,SG,80,76,40.1,6.0,14.2,.418,2.4,6.3,.382,3.6,7.9,.447,.503,2.2,3.0,.739,1.5,2.9,4.4,3.4,1.6,0.5,1.7,1.9,16.5,,majerda01
132,Horace Grant,28,CHI,PF,70,69,36.7,6.6,12.5,.524,0.0,0.1,.000,6.6,12.5,.528,.524,2.0,3.3,.596,4.4,6.6,11.0,3.4,1.1,1.2,1.6,2.3,15.1,DPOY-10ASDEF2,grantho01
133,Rony Seikaly,28,MIA,C,72,60,33.5,5.4,11.2,.488,0.0,0.0,.000,5.4,11.1,.489,.488,4.2,5.9,.720,3.4,6.9,10.3,1.9,0.8,1.4,2.7,3.9,15.1,,seikaro01
134,Kevin Edwards,28,NJN,SG,82,82,33.3,5.7,12.5,.458,0.4,1.2,.354,5.3,11.3,.469,.475,2.0,2.6,.770,1.1,2.3,3.4,2.8,1.5,0.4,1.6,1.8,14.0,,edwarke01
135,Vernon Maxwell,28,HOU,SG,75,73,34.3,5.1,13.0,.389,1.6,5.4,.298,3.5,7.6,.454,.451,1.9,2.5,.749,0.6,2.5,3.1,5.1,1.7,0.3,2.5,1.9,13.6,,maxweve01
136,Blue Edwards,28,MIL,SF,82,64,28.3,4.7,9.8,.478,0.5,1.3,.358,4.2,8.5,.496,.501,1.8,2.3,.799,1.3,2.7,4.0,2.1,1.0,0.3,1.8,2.9,11.6,,edwarbl01
137,Kenny Smith,28,HOU,PG,78,78,28.3,4.4,9.1,.480,1.1,2.8,.405,3.2,6.3,.513,.542,1.7,2.0,.871,0.3,1.5,1.8,4.2,0.8,0.1,1.6,1.6,11.6,,smithke01
138,Kevin Gamble,28,BOS,SF,75,28,25.1,4.9,10.7,.458,0.3,1.4,.243,4.6,9.3,.489,.473,1.4,1.7,.817,0.5,1.6,2.1,2.0,0.8,0.3,1.0,1.8,11.5,,gamblke01
139,Mark Jackson,28,LAC,PG,79,79,34.3,4.2,9.3,.452,0.5,1.6,.283,3.7,7.7,.488,.477,2.1,2.7,.791,1.4,3.1,4.4,8.6,1.5,0.1,2.9,1.5,10.9,,jacksma01
140,Avery Johnson,28,GSW,PG,82,70,28.4,4.3,8.8,.492,0.0,0.1,.000,4.3,8.7,.500,.492,2.2,3.1,.704,0.5,1.6,2.1,5.3,1.4,0.1,2.1,2.0,10.9,,johnsav01
141,Chris Morris,28,NJN,SF,50,27,27.0,4.1,9.1,.447,1.1,2.9,.361,3.0,6.1,.489,.506,1.7,2.4,.720,1.8,2.7,4.6,1.7,1.1,1.0,1.0,2.4,10.9,,morrich01
142,Harvey Grant,28,POR,SF,77,73,27.4,4.6,10.1,.460,0.0,0.1,.286,4.6,10.0,.462,.461,1.1,1.7,.641,1.4,3.1,4.6,1.4,0.9,0.6,0.7,2.3,10.4,,grantha01
143,Charles Smith,28,NYK,SF,43,21,25.7,4.1,9.2,.443,0.2,0.4,.500,3.9,8.9,.441,.453,2.0,2.8,.719,1.5,2.3,3.8,1.2,0.6,1.0,1.5,3.3,10.4,,smithch01
144,Tim Perry,28,PHI,PF,80,68,29.2,3.4,7.8,.435,0.9,2.5,.365,2.5,5.3,.468,.494,1.3,2.2,.580,1.5,3.6,5.1,1.2,0.8,1.0,1.0,1.9,9.0,,perryti01
145,Steve Kerr,28,CHI,PG,82,0,24.8,3.5,7.0,.497,0.6,1.5,.419,2.9,5.5,.519,.542,1.0,1.2,.856,0.3,1.3,1.6,2.6,0.9,0.0,0.7,1.2,8.6,6MOY-6,kerrst01
146,Haywoode Workman,28,IND,PG,65,52,26.4,3.0,7.1,.424,0.3,0.9,.321,2.7,6.2,.438,.443,1.4,1.8,.802,0.5,2.6,3.1,6.2,1.3,0.1,2.3,2.3,7.7,,workmha01
147,Gary Grant,28,LAC,PG,78,8,19.7,3.2,7.2,.449,0.2,0.8,.274,3.0,6.4,.471,.464,0.8,1.0,.855,0.5,1.3,1.8,3.7,1.5,0.2,1.7,1.8,7.5,,grantga01
148,Duane Ferrell,28,ATL,SF,72,13,16.0,2.6,5.3,.485,0.0,0.1,.111,2.5,5.1,.495,.487,2.0,2.6,.783,0.9,0.9,1.8,0.9,0.6,0.2,0.9,1.2,7.1,,ferredu01
149,Jeff Grayer,28,GSW,SG,67,4,16.4,2.9,5.4,.526,0.0,0.2,.167,2.8,5.2,.538,.529,1.1,1.8,.602,1.1,1.7,2.9,0.9,0.5,0.2,0.9,1.5,6.8,,grayeje01
150,Mark Bryant,28,POR,C,79,10,18.2,2.3,4.9,.482,0.0,0.0,.000,2.3,4.8,.483,.482,0.9,1.3,.692,1.5,2.5,4.0,0.5,0.4,0.4,0.8,2.4,5.6,,bryanma01
151,Scott Brooks,28,HOU,PG,73,0,16.8,1.9,4.0,.491,0.3,0.8,.377,1.6,3.1,.522,.531,1.0,1.2,.871,0.1,1.3,1.4,2.0,0.7,0.0,0.8,1.3,5.2,,brooksc01
152,Tom Tolbert,28,LAC,SF,49,6,13.1,1.5,3.6,.418,0.1,0.3,.375,1.4,3.3,.422,.435,0.7,0.9,.733,0.7,1.5,2.2,0.6,0.3,0.3,0.8,1.2,3.8,,tolbeto01
153,Henry James,28,LAC,PF,12,0,6.3,1.3,3.5,.381,0.3,1.5,.222,1.0,2.0,.500,.429,0.4,0.4,1.000,0.5,0.7,1.2,0.1,0.2,0.0,0.2,0.8,3.4,,jameshe01
154,Andrew Gaze,28,WSB,SG,7,0,10.0,1.1,2.4,.471,0.6,1.1,.500,0.6,1.3,.444,.588,0.3,0.3,1.000,0.1,0.9,1.0,0.7,0.3,0.1,0.4,1.3,3.1,,gazean01
155,Gerald Paddio,28,3TM,SF,18,1,7.6,1.2,3.3,.367,0.0,0.1,.000,1.2,3.3,.373,.367,0.5,0.9,.563,0.3,0.6,0.9,0.6,0.2,0.0,0.3,0.5,2.9,,paddige01
156,Tellis Frank,28,MIN,PF,67,11,14.3,1.0,2.4,.419,0.0,0.0,.000,1.0,2.4,.424,.419,0.8,1.1,.711,1.2,2.0,3.3,0.9,0.5,0.5,0.7,2.4,2.8,,frankte01
157,Will Perdue,28,CHI,C,43,6,9.2,1.1,2.6,.420,0.0,0.0,.000,1.1,2.6,.423,.420,0.5,0.7,.719,0.9,2.0,2.9,0.8,0.2,0.3,1.0,1.4,2.7,,perduwi01
158,Chris Dudley,28,POR,C,6,3,14.3,1.0,4.2,.240,0.0,0.0,,1.0,4.2,.240,.240,0.3,0.7,.500,2.7,1.3,4.0,0.8,0.7,0.5,0.3,3.0,2.3,,dudlech02
159,Tracy Moore,28,DET,SG,3,0,3.3,0.7,1.0,.667,0.0,0.0,,0.7,1.0,.667,.667,0.7,0.7,1.000,0.0,0.3,0.3,0.0,0.7,0.0,0.0,0.0,2.0,,mooretr01
160,Corey Gaines,28,NYK,SG,18,0,4.3,0.5,1.1,.450,0.1,0.3,.400,0.4,0.8,.467,.500,0.7,0.8,.867,0.2,0.6,0.7,1.7,0.1,0.0,0.3,0.7,1.8,,gaineco01
161,Tito Horford,28,WSB,C,3,0,9.3,0.0,0.7,.000,0.0,0.0,,0.0,0.7,.000,.000,0.0,0.0,,0.3,0.7,1.0,0.0,0.3,1.0,0.3,1.0,0.0,,horfoti01
162,Danny Manning,27,2TM,PF,68,66,37.1,8.6,17.7,.488,0.0,0.3,.176,8.6,17.4,.492,.489,3.4,5.0,.669,1.9,4.9,6.8,3.8,1.5,1.2,3.4,3.8,20.6,AS,mannida01
163,Clifford Robinson,27,POR,C,82,64,34.8,7.8,17.1,.457,0.2,0.6,.245,7.7,16.5,.465,.461,4.3,5.6,.765,2.0,4.7,6.7,1.9,1.4,1.4,2.1,3.2,20.1,AS,robincl02
164,Kevin Johnson,27,PHO,PG,67,67,36.6,7.1,14.6,.487,0.1,0.4,.222,7.0,14.2,.494,.490,5.7,6.9,.819,0.8,1.7,2.5,9.5,1.9,0.1,3.5,1.9,20.0,MVP-11ASNBA2,johnske02
165,Rod Strickland,27,POR,PG,82,58,35.2,6.4,13.3,.483,0.0,0.1,.200,6.4,13.2,.486,.484,4.3,5.7,.749,1.5,3.0,4.5,9.0,1.8,0.3,3.1,2.1,17.2,,stricro02
166,Rik Smits,27,IND,C,78,75,27.1,6.3,11.8,.534,0.0,0.0,.000,6.3,11.8,.535,.534,3.1,3.8,.793,1.7,4.5,6.2,2.0,0.6,1.1,1.9,3.6,15.7,,smitsri01
167,Hersey Hawkins,27,CHH,SG,82,82,32.3,4.8,10.5,.460,1.0,2.9,.332,3.9,7.6,.508,.505,3.8,4.4,.862,1.1,3.5,4.6,2.6,1.6,0.3,1.9,2.0,14.4,,hawkihe01
168,Micheal Williams,27,MIN,PG,71,66,31.1,4.4,9.7,.457,0.1,0.6,.222,4.3,9.0,.474,.464,4.7,5.6,.839,0.9,2.2,3.1,7.2,1.7,0.3,2.9,2.7,13.7,,willimi02
169,Sherman Douglas,27,BOS,PG,78,78,35.8,5.4,11.8,.462,0.2,0.7,.232,5.3,11.1,.477,.470,2.3,3.5,.641,0.9,1.6,2.5,8.8,1.1,0.1,3.0,2.2,13.3,,douglsh01
170,Derrick McKey,27,IND,SF,76,76,34.4,4.7,9.3,.500,0.1,0.4,.290,4.6,8.9,.510,.506,2.5,3.3,.756,1.7,3.6,5.3,4.3,1.5,0.6,3.0,3.3,12.0,,mckeyde01
171,Dikembe Mutombo,27,DEN,C,82,82,34.8,4.5,7.8,.569,0.0,0.0,.000,4.5,7.8,.569,.569,3.1,5.4,.583,3.5,8.4,11.8,1.5,0.7,4.1,2.5,3.2,12.0,DPOY-3,mutomdi01
172,Willie Anderson,27,SAS,SG,80,79,31.1,4.9,10.5,.471,0.3,0.9,.324,4.7,9.6,.484,.484,1.8,2.1,.848,0.9,2.2,3.0,4.3,0.9,0.6,1.9,2.3,11.9,,anderwi01
173,Grant Long,27,MIA,PF,69,59,31.9,4.3,9.7,.446,0.0,0.1,.167,4.3,9.7,.449,.447,2.7,3.4,.786,2.8,4.4,7.2,2.5,1.3,0.4,1.8,3.5,11.4,,longgr01
174,Vinny Del Negro,27,SAS,SG,77,56,25.3,4.0,8.2,.487,0.2,0.6,.349,3.8,7.7,.497,.499,1.8,2.2,.824,0.4,1.7,2.1,4.2,0.8,0.0,1.3,2.2,10.0,,delnevi01
175,Pooh Richardson,27,IND,PG,37,25,27.6,4.3,9.6,.452,0.1,0.3,.250,4.2,9.2,.459,.456,1.3,2.1,.610,0.8,2.2,3.0,6.4,0.9,0.1,2.4,2.1,10.0,,richapo01
176,Vincent Askew,27,SEA,SG,80,3,21.1,3.4,7.1,.481,0.1,0.4,.194,3.3,6.7,.498,.487,2.2,2.6,.829,0.8,1.6,2.3,2.4,0.9,0.2,0.9,1.8,9.1,,askewvi01
177,Brian Shaw,27,MIA,SG,77,52,26.5,3.6,8.7,.417,0.9,2.8,.338,2.7,5.9,.455,.472,0.8,1.2,.719,1.4,3.2,4.5,5.0,0.9,0.3,2.2,2.5,9.0,,shawbr01
178,Tim Legler,27,DAL,SG,79,0,16.7,2.9,6.7,.438,0.7,1.8,.374,2.3,4.9,.460,.487,1.8,2.1,.840,0.5,1.2,1.6,1.5,0.7,0.2,0.8,1.7,8.3,,legleti01
179,Stacey King,27,2TM,C,49,30,21.5,3.0,7.0,.428,0.0,0.0,.000,3.0,6.9,.431,.428,1.9,2.8,.684,1.8,3.1,4.9,1.2,0.6,0.9,1.7,2.5,7.9,,kingst01
180,Donald Royal,27,ORL,SF,74,0,18.3,2.4,4.7,.501,0.0,0.0,.000,2.4,4.7,.504,.501,2.7,3.6,.740,1.3,2.1,3.4,0.8,0.7,0.2,1.0,1.6,7.4,,royaldo01
181,Anthony Mason,27,NYK,PF,73,12,26.1,2.8,5.9,.476,0.0,0.0,.000,2.8,5.9,.477,.476,1.6,2.2,.720,2.2,3.7,5.8,2.1,0.4,0.1,1.5,2.6,7.2,6MOY-6,masonan01
182,Andrew Lang,27,ATL,C,82,0,19.6,2.6,5.6,.469,0.0,0.0,.250,2.6,5.5,.471,.471,0.9,1.3,.689,1.5,2.3,3.8,0.6,0.5,1.1,1.0,2.3,6.1,,langan01
183,John Williams,27,LAC,SF,34,6,21.3,2.4,5.5,.431,0.1,0.6,.250,2.2,4.9,.452,.444,0.7,1.1,.667,1.1,2.6,3.7,2.9,0.7,0.3,1.0,2.5,5.6,,willijo02
184,Eric Leckner,27,PHI,C,71,36,16.4,2.0,4.0,.486,0.0,0.0,.000,2.0,4.0,.489,.486,1.2,1.8,.646,1.1,2.9,4.0,1.2,0.3,0.5,1.2,2.7,5.1,,leckner01
185,Danny Ferry,27,CLE,PF,70,1,13.8,2.1,4.8,.446,0.2,0.7,.275,1.9,4.0,.477,.467,0.5,0.6,.884,0.7,1.3,2.0,1.1,0.4,0.3,0.6,1.6,5.0,,ferryda01
186,Carl Herrera,27,HOU,PF,75,0,17.2,1.9,4.1,.458,0.0,0.0,,1.9,4.1,.458,.458,0.9,1.3,.711,1.3,2.5,3.8,0.5,0.4,0.3,0.9,2.1,4.7,,herreca01
187,Todd Lichti,27,3TM,SG,13,0,9.7,1.5,3.9,.392,0.2,0.2,1.000,1.4,3.8,.367,.412,1.2,1.9,.640,0.6,1.1,1.7,0.8,0.5,0.1,0.4,1.2,4.5,,lichtto01
188,Rumeal Robinson,27,2TM,PG,31,0,12.8,1.8,4.9,.362,0.3,0.6,.400,1.5,4.3,.356,.388,0.4,0.9,.448,0.2,0.8,1.0,2.0,0.6,0.1,1.4,1.5,4.2,,robinru01
189,Alec Kessler,27,MIA,PF,15,0,4.4,0.7,1.7,.440,0.3,0.6,.556,0.4,1.1,.375,.540,0.4,0.5,.750,0.3,0.4,0.7,0.1,0.1,0.1,0.3,0.9,2.2,,kesslal01
190,Morlon Wiley,27,2TM,PG,16,0,9.9,0.6,1.8,.310,0.2,0.6,.300,0.4,1.2,.316,.362,0.0,0.0,,0.0,0.6,0.6,1.4,0.9,0.0,1.1,1.3,1.3,,wileymo01
191,Roy Marble,27,DEN,SF,5,0,6.4,0.4,2.4,.167,0.0,0.0,,0.4,2.4,.167,.167,0.0,0.6,.000,0.6,1.0,1.6,0.2,0.0,0.4,0.6,0.2,0.8,,marblro01
192,Glen Rice,26,MIA,SF,81,81,37.0,8.2,17.5,.467,1.6,4.3,.382,6.6,13.3,.494,.513,3.1,3.5,.880,0.9,4.4,5.4,2.3,1.4,0.4,1.6,2.3,21.1,,ricegl01
193,Derrick Coleman,26,NJN,PF,77,77,36.1,7.0,15.7,.447,0.5,1.6,.314,6.5,14.1,.462,.463,5.7,7.4,.774,3.4,7.9,11.3,3.4,0.9,1.8,2.7,2.7,20.2,ASNBA3,colemde01
194,Rex Chapman,26,WSB,SG,60,59,33.8,7.2,14.4,.498,1.1,2.8,.388,6.1,11.7,.524,.535,2.8,3.4,.816,1.0,1.5,2.4,3.1,1.0,0.1,2.0,1.4,18.2,,chapmre01
195,Terry Mills,26,DET,PF,80,74,34.7,7.4,14.4,.511,0.3,0.9,.329,7.1,13.5,.523,.521,2.3,2.8,.797,2.4,6.0,8.4,2.2,0.8,0.8,1.9,3.9,17.3,,millste01
196,Nick Anderson,26,ORL,SG,81,81,34.7,6.2,13.0,.478,1.2,3.9,.322,5.0,9.1,.545,.526,2.1,3.1,.672,1.4,4.5,5.9,3.6,1.7,0.4,2.0,1.8,15.8,,anderni01
197,Dino Radja,26,BOS,PF,80,47,28.8,6.1,11.8,.521,0.0,0.0,.000,6.1,11.8,.522,.521,2.8,3.8,.751,2.4,4.8,7.2,1.4,0.9,0.8,1.9,3.5,15.1,,radjadi01
198,B.J. Armstrong,26,CHI,PG,82,82,33.8,5.8,12.3,.476,0.7,1.6,.444,5.1,10.6,.481,.505,2.4,2.8,.855,0.3,1.7,2.1,3.9,1.0,0.1,1.6,1.8,14.8,AS,armstbj01
199,Doug West,26,MIN,SG,72,61,30.3,6.0,12.4,.487,0.0,0.1,.125,6.0,12.3,.490,.488,2.6,3.2,.810,0.8,2.4,3.2,2.4,0.9,0.3,1.9,3.3,14.7,,westdo01
200,Mookie Blaylock,26,ATL,PG,81,81,36.0,5.5,13.3,.411,1.4,4.2,.334,4.1,9.1,.447,.464,1.4,2.0,.730,1.4,3.8,5.2,9.7,2.6,0.5,2.4,1.8,13.8,MVP-11DPOY-7ASDEF1,blaylmo01
201,Dana Barros,26,PHI,PG,81,70,31.1,5.1,10.8,.469,1.7,4.4,.381,3.4,6.5,.529,.546,1.4,1.8,.800,0.3,2.1,2.4,5.2,1.3,0.1,2.1,1.2,13.3,,barroda01
202,Negele Knight,26,2TM,PG,65,18,22.1,3.5,7.3,.474,0.1,0.3,.190,3.4,7.0,.487,.478,2.2,2.7,.810,0.4,1.2,1.6,3.0,0.5,0.2,1.4,1.9,9.2,,knighne01
203,Tony Harris,26,BOS,SG,5,0,17.6,1.8,6.2,.290,0.6,1.8,.333,1.2,4.4,.273,.339,4.6,5.0,.920,0.6,1.4,2.0,1.6,0.8,0.0,1.2,1.6,8.8,,harrito01
204,Felton Spencer,26,UTA,C,79,79,28.0,3.2,6.4,.505,0.0,0.0,,3.2,6.4,.505,.505,2.1,3.4,.607,3.0,5.4,8.3,0.5,0.5,0.8,1.6,3.8,8.6,,spencfe01
205,Chris Gatling,26,GSW,C,82,23,15.8,3.3,5.6,.588,0.0,0.0,.000,3.3,5.6,.589,.588,1.6,2.5,.620,1.7,3.1,4.8,0.5,0.5,0.8,1.0,2.7,8.2,,gatlich01
206,Greg Anthony,26,NYK,PG,80,36,24.9,2.8,7.1,.394,0.6,2.0,.300,2.2,5.1,.431,.436,1.6,2.1,.774,0.5,1.8,2.4,4.6,1.4,0.2,1.6,2.0,7.9,,anthogr01
207,Marty Conlon,26,2TM,C,30,9,19.3,3.2,5.5,.576,0.0,0.1,.000,3.2,5.4,.583,.576,1.4,1.8,.811,1.8,2.9,4.6,1.1,0.3,0.3,1.1,2.3,7.8,,conloma01
208,Pervis Ellison,26,WSB,C,47,24,25.1,2.9,6.2,.469,0.0,0.1,.000,2.9,6.1,.474,.469,1.5,2.1,.722,1.6,3.5,5.1,1.5,0.5,1.1,1.6,3.0,7.3,,ellispe01
209,Randy White,26,DAL,PF,18,3,17.8,2.5,6.2,.402,0.3,1.1,.300,2.2,5.1,.424,.429,1.1,1.8,.576,1.7,2.9,4.6,0.6,0.6,0.6,1.0,2.6,6.4,,whitera01
210,Lloyd Daniels,26,SAS,SG,65,5,15.1,2.2,5.7,.376,0.7,1.9,.352,1.5,3.8,.389,.435,0.7,1.0,.719,0.7,1.0,1.7,1.4,0.4,0.2,0.9,1.1,5.7,,daniell01
211,Reggie Jordan,26,LAL,SG,23,0,11.3,1.9,4.5,.427,0.1,0.2,.500,1.8,4.3,.424,.437,1.5,2.2,.686,2.0,0.9,2.9,1.1,0.6,0.2,0.6,1.1,5.4,,jordare01
212,Larry Robinson,26,HOU,SG,6,0,9.2,1.7,3.3,.500,0.3,1.3,.250,1.3,2.0,.667,.550,0.5,1.3,.375,0.7,1.0,1.7,1.0,1.2,0.0,1.7,1.3,4.2,,robinla01
213,Tom Hammonds,26,DEN,PF,74,2,11.9,1.6,3.1,.500,0.0,0.0,,1.6,3.1,.500,.500,1.0,1.4,.683,0.8,1.9,2.7,0.5,0.3,0.2,0.6,1.2,4.1,,hammoto01
214,Terry Davis,26,DAL,PF,15,5,19.1,1.6,3.9,.407,0.0,0.0,,1.6,3.9,.407,.407,0.5,0.8,.667,2.0,2.9,4.9,0.4,0.6,0.1,0.3,1.8,3.7,,daviste01
215,Matt Bullard,26,HOU,PF,65,0,11.2,1.2,3.5,.345,0.8,2.4,.325,0.4,1.1,.389,.456,0.3,0.4,.769,0.4,0.9,1.3,1.0,0.2,0.1,0.4,1.0,3.5,,bullama01
216,Josh Grant,26,GSW,PF,53,0,7.2,1.1,2.8,.404,0.3,1.2,.279,0.8,1.6,.494,.462,0.4,0.5,.759,0.5,1.2,1.7,0.5,0.3,0.2,0.6,1.2,3.0,,grantjo01
217,Paul Graham,26,ATL,SG,21,0,6.1,1.0,2.7,.368,0.1,0.6,.231,0.9,2.1,.409,.395,0.6,0.8,.765,0.2,0.4,0.6,0.6,0.2,0.2,0.2,0.5,2.8,,grahapa01
218,Jaren Jackson,26,POR,SG,29,0,6.4,1.2,3.0,.391,0.0,0.2,.000,1.2,2.8,.420,.391,0.4,0.5,.857,0.2,0.4,0.6,0.9,0.1,0.1,0.5,0.7,2.8,,jacksja01
219,Ervin Johnson,26,SEA,C,45,3,6.2,1.0,2.4,.415,0.0,0.0,,1.0,2.4,.415,.415,0.6,1.0,.630,1.1,1.6,2.6,0.2,0.2,0.5,0.5,1.0,2.6,,johnser02
220,Anthony Cook,26,2TM,PF,25,0,8.1,1.0,2.2,.481,0.0,0.0,.000,1.0,2.1,.491,.481,0.4,1.0,.400,0.8,1.4,2.2,0.2,0.1,0.6,0.5,0.9,2.5,,cookan01
221,Keith Askins,26,MIA,SF,37,0,8.6,1.0,2.4,.409,0.1,0.6,.190,0.9,1.8,.478,.432,0.2,0.3,.900,0.9,1.3,2.2,0.4,0.3,0.0,0.6,1.5,2.3,,askinke01
222,Mark Randall,26,DEN,PF,28,0,5.5,0.6,1.8,.340,0.1,0.5,.143,0.5,1.3,.417,.360,0.8,1.0,.786,0.3,0.5,0.8,0.4,0.3,0.1,0.4,0.6,2.1,,randama01
223,Steve Scheffler,26,SEA,C,35,1,4.3,0.8,1.3,.609,0.0,0.0,,0.8,1.3,.609,.609,0.5,0.6,.950,0.3,0.4,0.7,0.2,0.2,0.0,0.2,0.7,2.1,,schefst01
224,Ricky Grace,26,ATL,PG,3,0,2.7,0.7,1.0,.667,0.0,0.0,,0.7,1.0,.667,.667,0.0,0.7,.000,0.0,0.3,0.3,0.3,0.0,0.0,0.0,1.0,1.3,,graceri01
225,Skeeter Henry,26,PHO,SG,4,0,3.8,0.3,1.3,.200,0.0,0.5,.000,0.3,0.8,.333,.200,0.5,1.0,.500,0.0,0.5,0.5,1.0,0.0,0.0,0.3,0.3,1.0,,henrysk01
226,Dave Jamerson,26,2TM,SG,5,0,2.8,0.0,1.4,.000,0.0,0.0,,0.0,1.4,.000,.000,0.4,0.6,.667,0.0,0.8,0.8,0.2,0.0,0.0,0.2,0.0,0.4,,jamerda01
227,Gary Payton,25,SEA,PG,82,82,35.1,7.1,14.1,.504,0.2,0.7,.278,6.9,13.5,.515,.510,2.0,3.4,.595,1.3,2.0,3.3,6.0,2.3,0.2,2.1,2.8,16.5,MVP-6DPOY-5ASNBA3DEF1,paytoga01
228,Dee Brown,25,BOS,SG,77,76,37.2,6.4,13.3,.480,0.4,1.2,.313,6.0,12.0,.497,.495,2.4,2.8,.831,0.8,3.1,3.9,4.5,2.0,0.6,1.6,2.7,15.5,,brownde01
229,Eric Murdock,25,MIL,PG,82,76,30.9,5.8,12.4,.468,0.8,2.0,.411,5.0,10.4,.479,.502,2.9,3.5,.813,1.1,2.1,3.2,6.7,2.4,0.1,2.5,2.3,15.3,,murdoer01
230,Lionel Simmons,25,SAC,SF,75,74,36.0,5.8,13.3,.438,0.1,0.2,.353,5.7,13.1,.439,.441,3.3,4.3,.777,2.2,5.3,7.5,4.1,1.4,0.7,2.4,2.5,15.1,,simmoli01
231,Stacey Augmon,25,ATL,SG,82,82,31.8,5.4,10.5,.510,0.0,0.1,.143,5.3,10.4,.513,.510,4.1,5.3,.764,2.2,2.6,4.8,2.3,1.8,0.5,1.8,2.2,14.8,,augmost01
232,Vlade Divac,25,LAL,C,79,73,34.0,5.7,11.3,.506,0.1,0.6,.191,5.6,10.7,.524,.511,2.6,3.8,.686,3.6,7.2,10.8,3.9,1.2,1.4,2.4,3.6,14.2,,divacvl01
233,Kendall Gill,25,SEA,SG,79,77,30.8,5.4,12.3,.443,0.5,1.5,.317,4.9,10.7,.461,.462,2.7,3.5,.782,1.2,2.2,3.4,3.5,1.9,0.4,1.8,2.5,14.1,,gillke01
234,Dennis Scott,25,ORL,SF,82,37,27.8,4.7,11.6,.405,1.9,4.7,.399,2.8,6.8,.408,.486,1.5,1.9,.774,0.7,2.0,2.7,2.6,1.0,0.4,1.1,2.0,12.8,,scottde01
235,Elden Campbell,25,LAL,PF,76,74,29.6,4.9,10.6,.462,0.0,0.0,.000,4.9,10.6,.463,.462,2.5,3.6,.689,2.2,4.6,6.8,1.1,0.8,1.9,1.3,3.2,12.3,,campbel01
236,Sean Elliott,25,DET,SF,73,73,33.0,4.9,10.8,.455,0.4,1.2,.299,4.6,9.6,.474,.472,1.9,2.4,.803,0.9,2.7,3.6,2.7,0.7,0.4,1.8,2.4,12.1,,elliose01
237,Loy Vaught,25,LAC,PF,75,56,28.2,5.0,9.3,.537,0.0,0.1,.000,5.0,9.2,.541,.537,1.7,2.4,.720,2.9,5.8,8.7,1.0,1.0,0.3,1.3,2.9,11.7,,vaughlo01
238,Toni Kukoč,25,CHI,SF,75,8,24.1,4.2,9.7,.431,0.4,1.6,.271,3.7,8.1,.462,.453,2.1,2.8,.743,1.3,2.7,4.0,3.4,1.1,0.4,2.2,1.6,10.9,,kukocto01
239,Tyrone Hill,25,CLE,PF,57,20,25.4,3.8,7.0,.543,0.0,0.0,.000,3.8,6.9,.545,.543,3.0,4.5,.668,3.2,5.5,8.8,0.8,0.9,0.6,1.4,3.4,10.6,,hillty01
240,J.R. Reid,25,SAS,PF,70,11,19.2,3.7,7.6,.491,0.0,0.0,.000,3.7,7.5,.493,.491,1.5,2.2,.699,1.3,1.8,3.1,1.0,0.6,0.4,1.2,2.4,9.0,,reidjr01
241,Tony Smith,25,LAL,SG,73,31,22.2,3.7,8.5,.441,0.2,0.7,.320,3.5,7.8,.451,.454,1.2,1.6,.714,1.5,1.2,2.7,2.0,0.8,0.2,1.0,1.8,8.8,,smithto02
242,Trevor Wilson,25,2TM,PF,57,13,21.4,3.3,6.8,.482,0.0,0.0,.000,3.3,6.8,.484,.482,1.6,2.9,.554,2.1,2.7,4.8,1.3,0.7,0.2,1.6,2.2,8.2,,wilsotr01
243,Bimbo Coles,25,MIA,PG,76,4,22.7,3.1,6.8,.449,0.3,1.3,.202,2.8,5.5,.507,.468,1.3,1.7,.779,0.7,1.4,2.1,3.5,1.0,0.2,1.4,1.7,7.7,,colesbi01
244,Antonio Davis,25,IND,PF,81,4,21.4,2.7,5.2,.508,0.0,0.0,.000,2.7,5.2,.509,.508,2.4,3.7,.642,2.3,3.9,6.2,0.7,0.6,1.0,1.3,2.3,7.7,,davisan01
245,Scott Williams,25,CHI,C,38,11,16.8,3.0,6.2,.483,0.0,0.1,.200,3.0,6.1,.489,.485,1.6,2.6,.612,1.8,2.9,4.8,1.0,0.4,0.6,1.2,2.9,7.6,,willisc01
246,Willie Burton,25,MIA,SF,53,1,13.2,2.3,5.3,.438,0.1,0.3,.200,2.3,5.1,.451,.443,2.3,3.0,.759,0.9,1.6,2.6,0.7,0.3,0.4,1.0,1.8,7.0,,burtowi01
247,Luc Longley,25,2TM,C,76,46,19.8,2.9,6.1,.471,0.0,0.0,.000,2.9,6.1,.472,.471,1.2,1.6,.720,1.7,4.0,5.7,1.4,0.6,1.0,1.6,2.8,6.9,,longllu01
248,Derek Strong,25,MIL,PF,67,11,16.9,2.1,5.1,.413,0.0,0.2,.231,2.1,4.9,.421,.418,2.4,3.1,.772,1.6,2.6,4.2,0.7,0.6,0.2,0.9,1.0,6.6,,stronde01
249,David Benoit,25,UTA,SF,55,18,19.5,2.5,6.6,.385,0.2,1.1,.203,2.3,5.5,.421,.402,1.2,1.6,.773,1.6,3.1,4.7,0.4,0.4,0.7,0.7,2.1,6.5,,benoida01
250,Brent Price,25,WSB,PG,65,13,15.9,2.2,5.0,.433,0.8,2.3,.333,1.4,2.7,.517,.509,1.0,1.3,.782,0.5,0.9,1.4,3.3,0.8,0.0,1.8,1.8,6.2,,pricebr01
251,Pete Chilcutt,25,2TM,PF,76,24,18.0,2.7,5.9,.453,0.0,0.2,.200,2.6,5.7,.462,.456,0.5,0.9,.631,1.7,3.2,4.9,1.1,0.7,0.5,1.0,2.2,5.9,,chilcpe01
252,Keith Jennings,25,GSW,PG,76,2,14.4,1.8,4.5,.404,0.7,2.0,.371,1.1,2.5,.429,.485,1.3,1.6,.833,0.2,1.0,1.2,2.9,0.9,0.0,1.0,0.8,5.7,,jennike01
253,Anthony Bonner,25,NYK,SF,73,38,19.2,2.2,3.9,.563,0.0,0.0,,2.2,3.9,.563,.563,0.7,1.4,.476,2.1,2.7,4.7,1.2,1.0,0.2,1.2,2.4,5.1,,bonnean01
254,Alaa Abdelnaby,25,BOS,PF,13,0,12.2,1.8,4.2,.436,0.0,0.0,,1.8,4.2,.436,.436,1.2,1.9,.640,0.9,2.6,3.5,0.2,0.2,0.2,1.3,1.5,4.9,,abdelal01
255,Jayson Williams,25,NJN,PF,70,0,12.5,1.8,4.2,.427,0.0,0.0,,1.8,4.2,.427,.427,1.0,1.7,.605,1.6,2.2,3.8,0.4,0.2,0.5,0.5,2.0,4.6,,willija01
256,Randy Brown,25,SAC,PG,61,2,17.1,1.8,4.1,.438,0.0,0.1,.000,1.8,4.0,.445,.438,0.9,1.4,.609,0.7,1.2,1.8,2.2,1.0,0.2,1.2,2.2,4.5,,brownra02
257,Duane Causwell,25,SAC,C,41,8,16.4,1.7,3.3,.518,0.0,0.0,,1.7,3.3,.518,.518,1.0,1.7,.588,1.7,2.9,4.5,0.3,0.5,1.2,0.8,2.7,4.4,,causwdu01
258,Larry Stewart,25,WSB,SF,3,0,11.7,1.0,2.7,.375,0.0,0.0,,1.0,2.7,.375,.375,2.3,3.3,.700,0.3,2.0,2.3,0.7,0.7,0.3,0.7,1.3,4.3,,stewala01
259,Greg Foster,25,MIL,PF,3,0,6.3,1.3,2.3,.571,0.0,0.0,,1.3,2.3,.571,.571,0.7,0.7,1.000,0.0,1.0,1.0,0.0,0.0,0.3,0.3,1.0,3.3,,fostegr01
260,Corie Blount,25,CHI,PF,67,8,10.3,1.1,2.6,.437,0.0,0.0,,1.1,2.6,.437,.437,0.7,1.1,.613,1.1,1.8,2.9,0.8,0.3,0.5,0.8,1.4,3.0,,blounco01
261,Chucky Brown,25,DAL,SF,1,0,10.0,1.0,1.0,1.000,0.0,0.0,,1.0,1.0,1.000,1.000,1.0,1.0,1.000,0.0,1.0,1.0,0.0,0.0,0.0,0.0,2.0,3.0,,brownch01
262,Andrés Guibert,25,MIN,C,5,0,6.6,1.2,4.0,.300,0.0,0.0,,1.2,4.0,.300,.300,0.6,1.2,.500,2.0,1.2,3.2,0.4,0.0,0.2,1.2,1.2,3.0,,guibean01
263,Marcus Liberty,25,2TM,SF,38,0,7.5,1.1,3.2,.325,0.3,0.7,.357,0.8,2.5,.316,.366,0.5,1.0,.487,0.7,0.9,1.6,0.4,0.3,0.1,0.6,0.9,2.9,,liberma01
264,Jud Buechler,25,GSW,SF,36,0,6.1,1.2,2.3,.500,0.3,0.8,.414,0.8,1.5,.545,.571,0.3,0.6,.500,0.4,0.5,0.9,0.4,0.2,0.0,0.3,0.7,2.9,,buechju01
265,Richard Petruška,25,HOU,C,22,0,4.2,0.9,2.1,.435,0.3,0.7,.467,0.6,1.4,.419,.511,0.3,0.4,.750,0.4,1.0,1.4,0.0,0.1,0.1,0.7,0.7,2.4,,petruri01
266,Chris Corchiani,25,BOS,PG,51,0,9.2,0.8,1.8,.426,0.2,0.7,.289,0.6,1.1,.518,.484,0.5,0.7,.684,0.2,0.7,0.9,1.7,0.4,0.0,0.7,0.9,2.3,,corchch01
267,Dwayne Schintzius,25,NJN,C,30,7,10.6,1.0,2.8,.345,0.0,0.0,,1.0,2.8,.345,.345,0.3,0.6,.588,0.9,2.1,3.0,0.4,0.2,0.6,0.4,1.6,2.3,,schindw01
268,Dan O'Sullivan,25,DET,C,13,0,4.3,0.3,0.9,.333,0.0,0.0,,0.3,0.9,.333,.333,0.7,0.9,.750,0.2,0.6,0.8,0.2,0.0,0.0,0.2,0.8,1.3,,osullda01
269,Steve Henson,25,CHH,PG,3,0,5.7,0.3,0.7,.500,0.3,0.3,1.000,0.0,0.3,.000,.750,0.0,0.0,,0.0,0.3,0.3,1.7,0.0,0.0,0.3,1.0,1.0,,hensost01
270,Michael Curry,25,PHI,SG,10,0,4.3,0.3,1.4,.214,0.0,0.2,.000,0.3,1.2,.250,.214,0.3,0.4,.750,0.0,0.1,0.1,0.1,0.1,0.0,0.3,0.6,0.9,,currymi01
271,Cedric Ceballos,24,PHO,SF,53,43,30.2,8.0,15.0,.535,0.0,0.2,.000,8.0,14.8,.541,.535,3.0,4.2,.724,2.9,3.6,6.5,1.7,1.1,0.4,1.8,2.3,19.1,,cebalce01
272,Don MacLean,24,WSB,SF,75,69,33.2,6.9,13.7,.502,0.0,0.3,.143,6.9,13.5,.509,.503,4.4,5.3,.824,1.9,4.4,6.2,2.1,0.6,0.3,2.0,2.3,18.2,MIP-1,macledo01
273,Shawn Kemp,24,SEA,PF,79,73,32.9,6.7,12.5,.538,0.0,0.1,.250,6.7,12.5,.540,.539,4.6,6.2,.741,3.9,6.8,10.8,2.6,1.8,2.1,3.3,3.9,18.1,MVP-7ASNBA2,kempsh01
274,Mahmoud Abdul-Rauf,24,DEN,PG,80,78,32.7,7.4,16.0,.460,0.5,1.7,.316,6.8,14.3,.476,.476,2.7,2.9,.956,0.3,1.8,2.1,4.5,1.0,0.1,1.9,1.9,18.0,,abdulma02
275,Steve Smith,24,MIA,SG,78,77,35.6,6.3,13.8,.456,1.2,3.4,.347,5.1,10.4,.491,.499,3.5,4.2,.835,2.0,2.5,4.5,5.1,1.1,0.4,2.6,2.8,17.3,,smithst01
276,Tom Gugliotta,24,WSB,PF,78,78,35.8,6.9,14.9,.466,0.5,1.9,.270,6.4,13.0,.495,.483,2.7,4.0,.685,2.4,6.9,9.3,3.5,2.2,0.7,3.2,2.2,17.1,,guglito01
277,Christian Laettner,24,MIN,PF,70,67,34.7,5.7,12.6,.448,0.1,0.4,.240,5.6,12.3,.455,.452,5.4,6.8,.783,2.3,6.3,8.6,4.4,1.2,1.2,3.7,3.8,16.8,,laettch01
278,Larry Johnson,24,CHH,PF,51,51,34.5,6.8,13.2,.515,0.1,0.4,.238,6.7,12.8,.524,.519,2.7,3.9,.695,2.8,6.0,8.8,3.6,0.6,0.3,2.3,2.6,16.4,,johnsla02
279,Billy Owens,24,GSW,PF,79,72,34.7,6.2,12.3,.507,0.0,0.2,.200,6.2,12.1,.512,.508,2.5,4.1,.610,2.9,5.2,8.1,4.1,1.1,0.8,2.7,3.4,15.0,,owensbi01
280,Anthony Peeler,24,LAL,SG,30,30,30.8,5.9,13.6,.430,0.5,2.1,.222,5.4,11.5,.468,.447,1.9,2.4,.803,1.6,2.0,3.6,3.1,1.4,0.3,2.0,3.1,14.1,,peelean01
281,Todd Day,24,MIL,SG,76,39,28.0,4.6,11.1,.415,0.4,1.9,.223,4.2,9.2,.456,.435,3.0,4.4,.698,1.5,2.6,4.1,1.8,1.4,0.7,1.7,2.9,12.7,,dayto01
282,Dale Davis,24,IND,PF,66,64,34.7,4.7,8.8,.529,0.0,0.0,.000,4.7,8.8,.530,.529,2.3,4.5,.527,4.2,6.6,10.9,1.5,0.7,1.6,1.5,3.2,11.7,,davisda01
283,Sean Rooks,24,DAL,C,47,28,26.7,4.1,8.4,.491,0.0,0.0,.000,4.1,8.3,.492,.491,3.2,4.5,.714,1.8,3.7,5.5,1.0,0.4,0.9,1.7,2.3,11.4,,rooksse01
284,Rick Fox,24,BOS,SF,82,53,25.6,4.1,8.9,.467,0.4,1.2,.330,3.7,7.7,.489,.490,2.1,2.8,.757,1.3,3.0,4.3,2.6,1.0,0.6,1.9,3.0,10.8,,foxri01
285,Chris Jent,24,HOU,SF,3,0,26.0,4.3,8.7,.500,1.3,3.7,.364,3.0,5.0,.600,.577,0.3,0.7,.500,1.3,3.7,5.0,2.3,0.0,0.0,1.7,4.3,10.3,,jentch01
286,Robert Pack,24,DEN,PG,66,4,20.9,3.4,7.6,.443,0.1,0.4,.207,3.3,7.2,.458,.449,2.7,3.6,.758,0.4,1.5,1.9,5.4,1.2,0.1,3.1,2.2,9.6,,packro01
287,Chris Mills,24,CLE,SF,79,18,25.6,3.6,8.6,.419,0.5,1.5,.311,3.1,7.0,.443,.448,1.7,2.2,.778,1.7,3.4,5.1,1.6,0.7,0.6,1.1,2.9,9.4,,millsch01
288,Elmore Spencer,24,LAC,C,76,63,25.4,3.8,7.1,.533,0.0,0.0,.000,3.8,7.1,.535,.533,1.3,2.1,.599,1.3,4.2,5.5,1.0,0.4,1.7,2.2,2.7,8.9,,spencel01
289,Doug Smith,24,DAL,PF,79,42,21.3,3.7,8.6,.435,0.0,0.1,.222,3.7,8.5,.438,.437,1.3,1.6,.835,1.4,3.0,4.4,1.5,1.0,0.5,1.2,3.6,8.8,,smithdo03
290,Victor Alexander,24,GSW,C,69,39,19.1,3.9,7.3,.530,0.0,0.2,.154,3.8,7.1,.540,.532,1.0,1.9,.527,1.7,2.8,4.5,1.0,0.4,0.5,1.2,2.4,8.7,,alexavi01
291,Bobby Phills,24,CLE,SG,72,53,21.3,3.4,7.1,.471,0.0,0.2,.083,3.3,7.0,.480,.472,1.6,2.2,.720,1.0,2.0,2.9,1.8,0.9,0.2,0.9,1.9,8.3,,phillbo01
292,Bison Dele,24,DEN,C,80,1,18.8,3.1,5.8,.541,0.0,0.0,.000,3.1,5.8,.544,.541,1.7,2.6,.649,1.7,3.9,5.6,0.6,0.6,1.1,1.3,2.8,8.0,,delebi01
293,Matt Geiger,24,MIA,C,72,0,16.7,2.8,4.9,.574,0.0,0.1,.200,2.8,4.8,.579,.575,1.6,2.1,.779,1.7,2.6,4.2,0.4,0.5,0.4,0.8,2.8,7.2,,geigema01
294,Sam Cassell,24,HOU,PG,66,6,17.0,2.5,5.9,.418,0.4,1.3,.295,2.1,4.5,.453,.451,1.4,1.6,.841,0.4,1.7,2.0,2.9,0.9,0.1,1.4,2.1,6.7,,cassesa01
295,Kenny Williams,24,IND,SF,68,1,14.4,2.8,5.8,.488,0.0,0.1,.000,2.8,5.7,.494,.488,0.7,0.9,.703,1.4,1.6,3.0,0.8,0.4,0.7,0.7,1.5,6.3,,willike03
296,Jon Barry,24,MIL,SG,72,7,17.3,2.2,5.3,.414,0.4,1.6,.278,1.8,3.7,.472,.455,1.3,1.7,.795,0.5,1.5,2.0,2.3,1.4,0.2,1.2,1.5,6.2,,barryjo01
297,P.J. Brown,24,NJN,C,79,54,24.7,2.1,5.1,.415,0.0,0.1,.167,2.1,5.0,.419,.417,1.5,1.9,.757,2.4,3.9,6.2,1.2,0.9,1.2,0.9,2.2,5.7,,brownpj01
298,Anthony Avent,24,2TM,PF,74,40,18.5,2.0,5.4,.377,0.0,0.0,,2.0,5.4,.377,.377,1.2,1.7,.724,1.9,2.6,4.6,0.9,0.4,0.4,1.1,2.0,5.3,,aventan01
299,Isaac Austin,24,PHI,C,14,0,14.4,2.1,4.7,.439,0.0,0.1,.000,2.1,4.6,.446,.439,1.0,1.6,.609,1.8,3.1,4.9,1.2,0.4,0.7,1.2,2.1,5.1,,austiis01
300,LaBradford Smith,24,2TM,SG,66,2,13.3,1.9,4.6,.405,0.3,0.9,.350,1.6,3.7,.419,.440,1.0,1.3,.750,0.5,0.8,1.3,1.7,0.6,0.1,0.8,1.5,5.0,,smithla02
301,Jimmy Oliver,24,BOS,SG,44,6,12.3,2.0,4.9,.416,0.3,0.7,.406,1.7,4.1,.418,.446,0.6,0.8,.758,0.2,0.9,1.0,0.8,0.4,0.0,0.5,0.9,4.9,,oliveji01
302,Marlon Maxey,24,MIN,PF,55,2,11.4,1.6,3.0,.533,0.0,0.0,.000,1.6,3.0,.539,.533,1.3,1.8,.714,1.4,2.3,3.6,0.2,0.3,0.6,0.7,2.1,4.5,,maxeyma01
303,LeRon Ellis,24,CHH,C,50,1,13.6,1.8,3.6,.484,0.0,0.0,,1.8,3.6,.484,.484,0.9,1.4,.662,1.4,2.4,3.8,0.5,0.3,0.5,0.4,1.7,4.4,,ellisle02
304,Darren Morningstar,24,2TM,C,23,15,16.0,1.7,3.6,.476,0.0,0.0,,1.7,3.6,.476,.476,0.8,1.3,.600,1.3,2.2,3.5,0.7,0.6,0.1,0.8,3.0,4.2,,mornida01
305,Mark Macon,24,2TM,SG,42,1,11.8,1.6,4.4,.375,0.0,0.2,.200,1.6,4.1,.385,.380,0.5,0.8,.676,0.4,0.5,1.0,1.2,0.9,0.0,1.0,1.7,3.9,,maconma01
306,Elliot Perry,24,PHO,PG,27,9,16.0,1.6,4.2,.372,0.0,0.1,.000,1.6,4.1,.382,.372,0.8,1.0,.750,0.4,1.0,1.4,4.6,0.9,0.0,1.6,1.3,3.9,,perryel01
307,Chris King,24,SEA,SF,15,0,5.7,1.3,3.2,.396,0.1,0.5,.286,1.1,2.7,.415,.417,1.0,1.7,.577,0.3,0.7,1.0,0.7,0.3,0.0,0.8,0.8,3.7,,kingch01
308,Doug Overton,24,WSB,PG,61,1,12.3,1.4,3.5,.403,0.0,0.2,.091,1.4,3.4,.420,.405,0.7,0.9,.827,0.3,0.8,1.1,1.5,0.3,0.0,0.9,0.8,3.6,,overtdo01
309,Tony Bennett,24,CHH,PG,74,5,13.3,1.4,3.6,.399,0.4,1.0,.360,1.1,2.5,.415,.451,0.1,0.2,.733,0.2,1.0,1.2,2.2,0.5,0.0,0.5,1.1,3.4,,benneto01
310,Joe Courtney,24,2TM,PF,52,1,6.6,1.3,2.8,.453,0.0,0.1,.667,1.3,2.8,.448,.459,0.6,0.9,.681,0.5,0.5,1.1,0.3,0.2,0.2,0.4,0.8,3.2,,courtjo01
311,Walter Bond,24,UTA,SG,56,4,10.0,1.1,2.8,.404,0.3,1.0,.352,0.8,1.8,.431,.465,0.6,0.7,.775,0.4,0.7,1.1,0.6,0.3,0.2,0.3,1.6,3.1,,bondwa01
312,Chad Gallagher,24,UTA,C,2,0,1.5,1.5,1.5,1.000,0.0,0.0,,1.5,1.5,1.000,1.000,0.0,0.0,,0.0,0.0,0.0,0.0,0.0,0.0,0.0,1.0,3.0,,gallach01
313,Lorenzo Williams,24,3TM,PF,38,11,18.8,1.3,2.9,.445,0.0,0.0,.000,1.3,2.9,.450,.445,0.3,0.7,.429,2.5,3.2,5.7,0.7,0.5,1.2,0.6,2.4,2.9,,willilo01
314,John Crotty,24,UTA,PG,45,0,7.0,1.0,2.2,.455,0.2,0.5,.458,0.8,1.7,.453,.510,0.7,0.8,.861,0.2,0.4,0.7,1.7,0.3,0.0,0.6,0.8,2.9,,crottjo01
315,Byron Houston,24,GSW,PF,71,2,12.2,1.1,2.5,.458,0.0,0.1,.143,1.1,2.4,.471,.460,0.5,0.8,.611,0.9,1.8,2.7,0.5,0.5,0.4,0.7,2.5,2.8,,houstby01
316,Donald Hodge,24,DAL,C,50,0,8.6,0.9,2.0,.455,0.0,0.0,,0.9,2.0,.455,.455,0.9,1.0,.846,0.9,1.0,1.9,0.6,0.3,0.3,0.6,1.3,2.7,,hodgedo01
317,Kevin Brooks,24,DEN,SF,34,0,5.6,1.1,2.9,.364,0.1,0.7,.174,0.9,2.2,.421,.384,0.3,0.3,.900,0.1,0.5,0.6,0.1,0.0,0.1,0.4,0.6,2.5,,brookke01
318,Jerrod Mustaf,24,PHO,PF,33,2,5.9,0.9,2.5,.357,0.0,0.0,,0.9,2.5,.357,.357,0.4,0.7,.591,0.6,1.1,1.7,0.2,0.1,0.2,0.3,0.9,2.2,,mustaje01
319,Duane Cooper,24,PHO,PG,23,2,5.9,0.8,1.8,.439,0.0,0.3,.143,0.7,1.5,.500,.451,0.5,0.7,.733,0.1,0.3,0.4,1.2,0.1,0.0,0.9,0.5,2.1,,coopedu01
320,Bob Martin,24,LAC,C,53,1,10.1,0.8,1.7,.455,0.0,0.0,,0.8,1.7,.455,.455,0.6,1.0,.608,0.7,1.5,2.2,0.3,0.2,0.6,0.5,2.0,2.1,,martibo01
321,Geert Hammink,24,ORL,C,1,0,3.0,1.0,3.0,.333,0.0,0.0,,1.0,3.0,.333,.333,0.0,0.0,,1.0,0.0,1.0,1.0,0.0,0.0,0.0,1.0,2.0,,hammige01
322,Gary Alexander,24,2TM,PF,11,0,5.0,0.7,1.3,.571,0.0,0.0,,0.7,1.3,.571,.571,0.3,0.8,.333,0.6,0.7,1.4,0.2,0.3,0.0,0.7,0.9,1.7,,alexaga01
323,Gerald Madkins,24,CLE,SG,22,0,6.8,0.5,1.4,.355,0.2,0.7,.333,0.3,0.7,.375,.435,0.4,0.5,.800,0.0,0.5,0.5,0.9,0.4,0.0,0.6,0.7,1.6,,madkige01
324,Jay Guidinger,24,CLE,C,32,0,4.1,0.5,1.0,.500,0.0,0.0,,0.5,1.0,.500,.500,0.5,0.7,.714,0.5,0.6,1.0,0.1,0.1,0.2,0.5,0.7,1.5,,guidija01
325,Rich King,24,SEA,C,27,0,2.9,0.6,1.3,.441,0.0,0.0,.000,0.6,1.2,.455,.441,0.4,0.8,.500,0.3,0.4,0.7,0.3,0.0,0.1,0.3,0.7,1.5,,kingri01
326,Alonzo Mourning,23,CHH,C,60,59,33.6,7.1,14.1,.505,0.0,0.0,.000,7.1,14.1,.507,.505,7.2,9.5,.762,3.0,7.2,10.2,1.4,0.5,3.1,3.3,3.5,21.5,AS,mournal01
327,Latrell Sprewell,23,GSW,SG,82,82,43.1,7.5,17.3,.433,1.7,4.8,.361,5.8,12.5,.460,.482,4.3,5.6,.774,1.0,3.9,4.9,4.7,2.2,0.9,2.8,1.9,21.0,MVP-11ASNBA1DEF2,sprewla01
328,Jim Jackson,23,DAL,SG,82,82,37.4,7.8,17.5,.445,0.2,0.7,.283,7.6,16.7,.452,.451,3.5,4.2,.821,2.1,2.7,4.7,4.6,1.1,0.3,4.1,2.0,19.2,,jacksji01
329,Kenny Anderson,23,NJN,PG,82,82,38.2,7.0,16.8,.417,0.5,1.6,.303,6.5,15.2,.429,.432,4.2,5.2,.818,1.1,2.8,3.9,9.6,1.9,0.2,3.2,2.5,18.8,AS,anderke01
330,Clarence Weatherspoon,23,PHI,SF,82,82,38.4,7.3,15.2,.483,0.0,0.2,.235,7.3,15.0,.487,.485,3.6,5.2,.693,3.1,7.0,10.1,2.3,1.2,1.4,2.4,1.9,18.4,,weathcl01
331,LaPhonso Ellis,23,DEN,PF,79,79,34.2,6.1,12.2,.502,0.1,0.3,.304,6.0,11.9,.506,.505,3.1,4.5,.674,2.8,5.8,8.6,2.1,0.8,1.0,2.2,3.8,15.4,,ellisla01
332,Bryant Stith,23,DEN,SG,82,82,34.8,4.5,9.9,.450,0.0,0.1,.222,4.4,9.8,.453,.451,3.5,4.3,.829,1.5,2.8,4.3,2.4,1.4,0.2,1.6,2.0,12.5,,stithbr01
333,Walt Williams,23,SAC,SF,57,4,23.8,4.0,10.2,.390,0.7,2.3,.288,3.3,7.9,.420,.422,2.6,4.1,.635,1.2,2.9,4.1,2.3,0.9,0.4,2.5,3.5,11.2,,williwa02
334,Hubert Davis,23,NYK,SG,56,27,23.8,4.3,9.0,.471,0.9,2.4,.402,3.3,6.7,.496,.524,1.5,1.8,.825,0.4,0.8,1.2,2.9,0.7,0.1,1.4,2.1,11.0,,davishu01
335,Doug Christie,23,LAL,SG,65,34,23.3,3.8,8.6,.434,0.6,1.8,.328,3.2,6.8,.463,.469,2.2,3.2,.697,1.4,2.2,3.6,2.1,1.4,0.4,2.2,2.9,10.3,,chrisdo01
336,Lindsey Hunter,23,DET,PG,82,26,26.5,4.1,10.9,.375,0.8,2.5,.333,3.2,8.4,.388,.414,1.3,1.7,.732,0.6,1.7,2.3,4.8,1.5,0.1,2.2,2.1,10.3,,hunteli01
337,Robert Horry,23,HOU,SF,81,81,29.3,4.0,8.7,.459,0.5,1.7,.324,3.4,7.0,.491,.490,1.4,1.9,.732,1.6,3.9,5.4,2.9,1.5,0.9,1.7,2.3,9.9,,horryro01
338,George Lynch,23,LAL,SF,71,46,24.8,4.1,8.1,.508,0.0,0.1,.000,4.1,8.0,.512,.508,1.4,2.3,.596,3.1,2.7,5.8,1.4,1.4,0.4,1.2,2.5,9.6,,lynchge01
339,Oliver Miller,23,PHO,C,69,30,25.9,4.0,6.6,.609,0.0,0.1,.222,4.0,6.5,.617,.611,1.2,2.0,.584,2.0,4.9,6.9,3.5,1.2,2.3,2.4,3.3,9.2,,milleol01
340,Harold Ellis,23,LAC,SF,49,16,18.8,3.2,6.0,.545,0.0,0.1,.000,3.2,5.9,.552,.545,2.2,3.0,.711,1.9,1.2,3.1,0.6,1.5,0.0,0.9,2.0,8.7,,ellisha01
341,Terrell Brandon,23,CLE,PG,73,10,21.2,3.2,7.5,.420,0.1,0.4,.219,3.1,7.1,.432,.426,1.9,2.2,.858,0.5,1.7,2.2,3.8,1.2,0.2,1.5,1.5,8.3,,brandte01
342,Stanley Roberts,23,LAC,C,14,14,25.0,3.1,7.1,.430,0.0,0.0,,3.1,7.1,.430,.430,1.3,3.1,.409,1.9,4.7,6.6,0.8,0.4,1.8,1.7,3.9,7.4,,roberst01
343,Mitchell Butler,23,WSB,SG,75,19,17.6,2.8,5.6,.495,0.0,0.1,.000,2.8,5.5,.501,.495,1.4,2.4,.578,1.4,1.6,3.0,1.0,0.7,0.3,1.2,1.7,6.9,,butlemi02
344,Malik Sealy,23,IND,SF,43,5,14.5,2.6,6.4,.405,0.1,0.4,.250,2.5,6.0,.415,.412,1.4,2.0,.678,1.0,1.7,2.7,1.1,0.7,0.2,1.2,2.0,6.6,,sealyma01
345,Chris Smith,23,MIN,PG,80,16,20.2,2.3,5.3,.435,0.1,0.5,.256,2.2,4.8,.453,.447,1.2,1.8,.674,0.2,1.3,1.5,3.6,0.5,0.2,1.3,1.6,5.9,,smithch03
346,Popeye Jones,23,DAL,PF,81,47,21.9,2.4,5.0,.479,0.0,0.0,.000,2.4,5.0,.480,.479,1.0,1.3,.729,3.7,3.8,7.5,1.2,0.8,0.4,1.2,3.0,5.8,,jonespo01
347,Acie Earl,23,BOS,C,74,8,15.5,2.0,5.0,.406,0.0,0.0,.000,2.0,5.0,.407,.406,1.5,2.2,.675,1.1,2.2,3.3,0.2,0.3,0.7,1.0,2.4,5.5,,earlac01
348,Lucious Harris,23,DAL,SG,77,0,15.1,2.1,5.0,.421,0.1,0.4,.212,2.0,4.6,.440,.430,1.1,1.5,.731,0.6,1.5,2.0,1.4,0.6,0.1,1.0,1.5,5.4,,harrilu01
349,Lee Mayberry,23,MIL,PG,82,6,18.0,2.0,4.9,.415,0.5,1.5,.345,1.5,3.5,.445,.466,0.7,1.0,.690,0.3,0.9,1.2,2.6,0.6,0.0,1.2,1.4,5.3,,maybele01
350,Bryon Russell,23,UTA,SF,67,48,16.7,2.0,4.2,.484,0.0,0.3,.091,2.0,3.8,.518,.487,0.9,1.5,.614,0.9,1.8,2.7,0.8,1.0,0.3,0.8,2.1,5.0,,russebr01
351,Scott Burrell,23,CHH,SF,51,16,15.0,1.9,4.6,.419,0.0,0.1,.333,1.9,4.5,.421,.423,0.9,1.4,.657,0.9,1.7,2.6,1.2,0.7,0.3,0.9,1.7,4.8,,burresc01
352,Greg Graham,23,PHI,SG,70,6,12.7,1.7,4.4,.400,0.0,0.4,.080,1.7,4.0,.429,.403,1.3,1.6,.836,0.3,0.9,1.2,0.9,0.9,0.1,0.9,0.8,4.8,,grahagr01
353,James Robinson,23,POR,PG,58,3,11.6,1.8,4.9,.365,0.4,1.3,.315,1.4,3.7,.382,.405,0.8,1.2,.672,0.6,0.8,1.3,1.2,0.5,0.3,0.9,1.2,4.8,,robinja02
354,Adam Keefe,23,ATL,PF,63,1,12.1,1.5,3.4,.451,0.0,0.0,,1.5,3.4,.451,.451,1.3,1.8,.730,1.2,2.0,3.2,0.5,0.3,0.1,1.0,1.3,4.3,,keefead01
355,Sean Green,23,2TM,SG,36,0,9.3,1.8,5.1,.344,0.3,1.1,.244,1.5,3.9,.373,.372,0.4,0.5,.722,0.3,0.7,0.9,0.4,0.5,0.2,0.8,0.6,4.1,,greense01
356,Jo Jo English,23,CHI,SG,36,0,11.6,1.6,3.6,.434,0.2,0.5,.471,1.3,3.1,.429,.465,0.3,0.6,.476,0.3,1.0,1.3,1.1,0.2,0.3,1.0,1.7,3.6,,englijo01
357,Warren Kidd,23,PHI,PF,68,14,13.0,1.5,2.5,.592,0.0,0.0,,1.5,2.5,.592,.592,0.7,1.3,.547,1.1,2.3,3.4,0.3,0.3,0.3,0.6,1.9,3.6,,kiddwa01
358,Randy Woods,23,LAC,PG,40,0,8.8,1.2,3.3,.368,0.7,2.0,.346,0.6,1.4,.400,.470,0.5,0.9,.571,0.3,0.4,0.7,1.8,0.6,0.1,0.9,1.0,3.6,,woodsra01
359,Stephen Howard,23,UTA,SF,9,0,5.9,1.1,1.9,.588,0.0,0.0,,1.1,1.9,.588,.588,1.2,1.8,.688,1.1,0.7,1.8,0.1,0.1,0.3,0.7,1.4,3.4,,howarst01
360,Rex Walters,23,NJN,SG,48,0,8.0,1.3,2.4,.522,0.3,0.6,.500,1.0,1.8,.529,.583,0.6,0.7,.824,0.1,0.7,0.8,1.5,0.3,0.1,0.6,0.9,3.4,,waltere01
361,Mike Peplowski,23,SAC,C,55,19,12.1,1.4,2.6,.539,0.0,0.0,.000,1.4,2.5,.543,.539,0.4,0.8,.545,0.9,2.2,3.1,0.4,0.3,0.5,0.6,2.4,3.2,,peplomi01
362,David Wesley,23,NJN,PG,60,0,9.0,1.1,2.9,.368,0.2,0.8,.234,0.9,2.1,.417,.399,0.7,0.9,.830,0.2,0.6,0.7,2.1,0.6,0.1,0.9,0.8,3.1,,wesleda01
363,Dave Johnson,23,CHI,SG,17,0,7.0,1.0,3.2,.315,0.0,0.1,.000,1.0,3.1,.321,.315,0.8,1.2,.619,0.5,0.4,0.9,0.2,0.2,0.0,0.5,0.4,2.8,,johnsda01
364,Corey Williams,23,MIN,PG,4,0,11.5,1.3,3.3,.385,0.0,0.3,.000,1.3,3.0,.417,.385,0.3,0.3,1.000,0.3,1.3,1.5,1.5,0.5,0.0,0.5,1.5,2.8,,willico01
365,Doug Edwards,23,ATL,PF,16,0,6.7,1.1,3.1,.347,0.0,0.1,.000,1.1,3.0,.354,.347,0.6,1.0,.563,0.4,0.7,1.1,0.5,0.1,0.3,0.4,0.6,2.7,,edwardo01
366,Antonio Harvey,23,LAL,PF,27,6,9.1,1.1,2.9,.367,0.0,0.0,,1.1,2.9,.367,.367,0.4,1.0,.462,1.0,1.2,2.2,0.2,0.3,0.7,0.6,1.4,2.6,,harvean01
367,Litterial Green,23,ORL,PG,29,0,4.3,0.8,2.0,.386,0.0,0.1,.250,0.7,1.8,.396,.395,1.0,1.3,.757,0.2,0.2,0.4,0.3,0.2,0.0,0.4,0.6,2.5,,greenli01
368,Adonis Jordan,23,DEN,PG,6,0,13.2,1.0,3.8,.261,0.5,1.7,.300,0.5,2.2,.231,.326,0.0,0.0,,0.5,0.5,1.0,3.2,0.0,0.2,1.0,1.0,2.5,,jordaad01
369,Stanley Jackson,23,MIN,SG,17,0,5.4,1.0,1.9,.515,0.1,0.3,.200,0.9,1.6,.571,.530,0.2,0.2,1.000,0.7,0.9,1.6,0.9,0.3,0.0,0.6,0.8,2.2,,jacksst01
370,Dell Demps,23,GSW,PG,2,0,5.5,1.0,3.0,.333,0.0,0.0,,1.0,3.0,.333,.333,0.0,1.0,.000,0.0,0.0,0.0,0.5,1.0,0.0,0.5,0.5,2.0,,dempsde01
371,Scott Haskin,23,IND,C,27,2,6.9,0.8,1.7,.467,0.0,0.0,,0.8,1.7,.467,.467,0.5,0.7,.684,0.6,1.4,2.0,0.2,0.1,0.6,0.5,1.2,2.0,,haskisc01
372,Eric Anderson,23,NYK,PF,11,0,3.5,0.6,1.5,.412,0.2,0.2,1.000,0.5,1.4,.333,.471,0.5,1.3,.357,0.5,1.0,1.5,0.2,0.0,0.1,0.2,0.8,1.9,,anderer01
373,Brian Davis,23,MIN,SF,68,3,5.5,0.6,1.9,.317,0.0,0.0,.333,0.6,1.8,.317,.321,0.7,1.0,.735,0.3,0.5,0.8,0.3,0.2,0.1,0.3,0.5,1.9,,davisbr02
374,Eric Riley,23,HOU,C,47,2,4.7,0.7,1.5,.486,0.0,0.0,.000,0.7,1.5,.493,.486,0.4,0.8,.541,0.5,0.7,1.3,0.2,0.1,0.2,0.3,0.6,1.9,,rileyer01
375,Reggie Smith,23,POR,PF,43,9,7.3,0.7,1.7,.403,0.0,0.0,,0.7,1.7,.403,.403,0.4,0.9,.474,0.9,1.4,2.3,0.1,0.3,0.1,0.3,1.1,1.8,,smithre01
376,Matt Wenstrom,23,BOS,C,11,0,3.4,0.5,0.9,.600,0.0,0.0,,0.5,0.9,.600,.600,0.5,0.9,.600,0.5,0.5,1.1,0.0,0.0,0.2,0.4,0.6,1.6,,wenstma01
377,Malcolm Mackey,23,PHO,C,22,0,3.1,0.6,1.7,.378,0.0,0.1,.000,0.6,1.6,.400,.378,0.2,0.4,.500,0.5,0.5,1.1,0.0,0.0,0.1,0.1,0.4,1.5,,mackema01
378,Keith Tower,23,ORL,C,11,0,2.9,0.4,0.8,.444,0.0,0.0,,0.4,0.8,.444,.444,0.0,0.0,,0.0,0.5,0.5,0.1,0.0,0.0,0.0,0.5,0.7,,towerke01
379,Isaiah Rider,22,MIN,SG,79,60,30.6,6.6,14.1,.468,0.7,1.9,.360,5.9,12.2,.485,.492,2.7,3.4,.811,1.5,2.5,4.0,2.6,0.7,0.4,2.8,2.5,16.6,,rideris01
380,Anfernee Hardaway,22,ORL,PG,82,82,36.8,6.2,13.3,.466,0.6,2.3,.267,5.6,11.0,.507,.489,3.0,4.0,.742,2.3,3.0,5.4,6.6,2.3,0.6,3.6,2.5,16.0,ROY-2,hardaan01
381,Nick Van Exel,22,LAL,PG,81,80,33.3,5.1,13.0,.394,1.5,4.5,.338,3.6,8.5,.423,.452,1.9,2.4,.781,0.6,2.4,2.9,5.8,1.0,0.1,1.8,1.9,13.6,,vanexni01
382,Vin Baker,22,MIL,C,82,63,31.2,5.3,10.6,.501,0.0,0.1,.200,5.3,10.5,.502,.501,2.9,5.0,.569,3.4,4.2,7.6,2.0,0.7,1.4,2.0,2.8,13.5,,bakervi01
383,Calbert Cheaney,22,WSB,SG,65,21,24.7,5.0,10.7,.470,0.0,0.4,.043,5.0,10.4,.484,.471,1.9,2.5,.770,1.4,1.6,2.9,1.9,1.0,0.2,1.7,2.3,12.0,,cheanca01
384,Harold Miner,22,MIA,SG,63,31,21.6,4.0,8.4,.477,0.1,0.1,.667,4.0,8.3,.475,.481,2.4,2.9,.828,1.2,1.3,2.5,1.5,0.5,0.2,1.5,2.1,10.5,,minerha01
385,Allan Houston,22,DET,SG,79,20,19.2,3.4,8.5,.405,0.4,1.5,.299,3.0,7.0,.428,.431,1.1,1.4,.824,0.2,1.3,1.5,1.3,0.4,0.2,1.3,2.1,8.5,,houstal01
386,Rodney Rogers,22,DEN,SF,79,14,17.8,3.0,6.9,.439,0.4,1.2,.380,2.6,5.7,.450,.471,1.6,2.4,.672,1.1,1.7,2.9,1.3,0.8,0.6,1.7,2.5,8.1,,rogerro01
387,Bobby Hurley,22,SAC,PG,19,19,26.3,2.8,7.7,.370,0.1,0.8,.125,2.7,6.8,.400,.377,1.3,1.6,.800,0.3,1.5,1.8,6.1,0.7,0.1,2.5,1.5,7.1,,hurlebo01
388,Bo Outlaw,22,LAC,SF,37,14,23.5,2.6,4.5,.587,0.0,0.1,.000,2.6,4.5,.594,.587,1.6,2.8,.592,2.2,3.5,5.7,1.0,1.0,1.0,0.8,2.5,6.9,,outlabo01
389,Tracy Murray,22,POR,SF,66,1,12.4,2.5,5.4,.470,0.8,1.7,.459,1.8,3.7,.476,.541,0.8,1.1,.694,0.7,1.0,1.7,0.5,0.3,0.3,0.6,1.2,6.6,,murratr01
390,Gheorghe Mureșan,22,WSB,C,54,2,12.0,2.4,4.4,.545,0.0,0.0,,2.4,4.4,.545,.545,0.9,1.3,.676,1.2,2.3,3.6,0.3,0.5,0.9,1.0,2.2,5.6,,muresgh01
391,Terry Dehere,22,LAC,PG,64,6,11.9,2.0,5.3,.377,0.4,0.9,.404,1.7,4.5,.372,.411,1.0,1.3,.753,0.4,0.7,1.1,1.2,0.4,0.0,1.0,1.1,5.3,,deherte01
392,Alphonso Ford,22,SEA,PG,6,0,2.7,1.2,2.2,.538,0.2,0.2,1.000,1.0,2.0,.500,.577,0.2,0.3,.500,0.0,0.0,0.0,0.2,0.3,0.0,0.2,0.3,2.7,,fordal01
393,Evers Burns,22,SAC,PF,23,0,6.2,1.0,2.4,.400,0.0,0.0,,1.0,2.4,.400,.400,0.5,1.0,.522,0.6,0.7,1.3,0.4,0.3,0.1,0.3,1.4,2.4,,burnsev01
394,Bill Edwards,22,PHI,PF,3,0,14.7,0.7,6.0,.111,0.0,1.7,.000,0.7,4.3,.154,.111,0.7,1.7,.400,1.7,3.0,4.7,1.3,1.0,0.3,1.3,2.0,2.0,,edwarbi01
395,Darnell Mee,22,DEN,SG,38,0,7.5,0.7,2.3,.318,0.1,0.6,.208,0.6,1.7,.359,.347,0.3,0.7,.444,0.4,0.5,0.9,0.4,0.4,0.3,0.5,0.9,1.9,,meeda01
396,Chris Whitney,22,SAS,PG,40,4,8.5,0.6,2.1,.305,0.3,0.8,.333,0.4,1.3,.288,.366,0.3,0.4,.800,0.1,0.6,0.7,1.3,0.3,0.0,0.9,1.3,1.8,,whitnch01
397,Luther Wright,22,UTA,C,15,2,6.1,0.5,1.5,.348,0.0,0.1,.000,0.5,1.5,.364,.348,0.2,0.3,.750,0.4,0.3,0.7,0.0,0.1,0.1,0.4,1.4,1.3,,wrighlu01
398,Kevin Thompson,22,POR,C,14,0,4.1,0.4,1.0,.429,0.0,0.1,.000,0.4,0.9,.462,.429,0.1,0.1,.500,0.5,0.4,0.9,0.2,0.0,0.1,0.4,0.8,0.9,,thompke01
399,Aaron Williams,22,UTA,PF,6,0,2.0,0.3,1.3,.250,0.0,0.0,,0.3,1.3,.250,.250,0.0,0.2,.000,0.2,0.3,0.5,0.2,0.0,0.0,0.2,0.7,0.7,,williaa01
400,Shaquille O'Neal,21,ORL,C,81,81,39.8,11.8,19.6,.599,0.0,0.0,.000,11.8,19.6,.600,.599,5.8,10.5,.554,4.7,8.5,13.2,2.4,0.9,2.9,2.7,3.5,29.3,MVP-4ASNBA3,onealsh01
401,Jamal Mashburn,21,DAL,SF,79,73,36.7,7.1,17.5,.406,1.1,3.8,.284,6.0,13.7,.440,.437,3.9,5.5,.699,1.4,3.1,4.5,3.4,1.1,0.2,3.1,2.6,19.2,ROY-3,mashbja01
402,Shawn Bradley,21,PHI,C,49,45,28.3,4.1,10.0,.409,0.0,0.1,.000,4.1,10.0,.412,.409,2.1,3.4,.607,2.0,4.2,6.2,2.0,0.9,3.0,3.0,3.5,10.3,,bradlsh01
403,Chris Webber,20,GSW,C,76,76,32.1,7.5,13.6,.552,0.0,0.2,.000,7.5,13.5,.559,.552,2.5,4.7,.532,4.0,5.1,9.1,3.6,1.2,2.2,2.7,3.3,17.5,ROY-1,webbech01
,League Average,,,,,,,,,.466,,,.333,,,.483,.485,,,.734,,,,,,,,,,,-9999