Rk,Player,Age,Team,Pos,G,GS,MP,PER,TS%,3PAr,FTr,ORB%,DRB%,TRB%,AST%,STL%,BLK%,TOV%,USG%,OWS,DWS,WS,WS/48,OBPM,DBPM,BPM,VORP,Awards,Player-additional
1,Robert Parish,40,BOS,C,74,74,1987,16.1,.530,.000,.287,8.0,22.9,15.4,6.3,1.1,3.0,11.7,20.2,1.8,2.1,4.0,.095,-0.7,-0.3,-1.0,0.5,,parisro01
2,Moses Malone,38,PHI,C,55,0,618,17.7,.519,.004,.504,18.8,21.4,20.1,8.9,0.9,1.7,17.2,24.1,0.6,0.5,1.0,.078,0.4,-2.5,-2.1,0.0,,malonmo01
3,James Edwards,38,LAL,C,45,2,469,9.1,.518,.000,.470,2.4,13.0,7.5,7.0,0.4,0.4,12.9,20.9,0.1,0.1,0.3,.028,-4.8,-1.9,-6.7,-0.6,,edwarja01
4,Tree Rollins,38,ORL,C,45,1,384,11.4,.574,.000,.566,9.7,18.2,14.0,3.0,0.9,5.7,16.4,8.8,0.4,0.5,0.9,.113,-2.5,1.9,-0.6,0.1,,rollitr01
5,Charles Jones,36,DET,C,42,0,877,8.7,.489,.013,.436,11.1,18.7,14.8,4.3,0.8,3.2,11.4,5.2,0.9,0.6,1.5,.083,-3.3,0.3,-3.0,-0.2,,jonesch01
6,Bill Cartwright,36,CHI,C,42,41,780,10.1,.544,.000,.298,6.4,16.4,11.4,10.5,0.5,0.7,18.8,15.1,0.4,0.9,1.3,.077,-2.5,-0.1,-2.6,-0.1,,cartwbi01
7,Bill Laimbeer,36,DET,C,11,5,248,15.6,.564,.100,.144,4.0,21.3,12.5,9.2,1.2,1.0,9.5,18.7,0.4,0.2,0.5,.106,-0.5,0.4,-0.1,0.1,,laimbbi01
8,Earl Cureton,36,HOU,PF,2,0,30,2.2,.225,.000,.250,15.7,28.1,22.2,0.0,0.0,0.0,10.1,14.6,-0.1,0.0,0.0,-0.060,-7.6,-5.8,-13.4,-0.1,,curetea01
9,Frank Johnson,35,PHO,PG,70,5,875,11.6,.492,.040,.231,3.8,6.7,5.3,23.6,2.3,0.1,16.5,18.9,0.6,0.6,1.2,.067,-3.1,-0.4,-3.5,-0.3,,johnsfr01
10,Herb Williams,35,NYK,C,70,3,774,10.4,.463,.004,.180,8.4,18.1,13.3,5.6,1.2,3.9,13.4,16.4,-0.2,1.7,1.6,.098,-4.3,1.6,-2.7,-0.1,,willihe01
11,Kurt Rambis,35,LAL,PF,50,1,635,14.0,.565,.009,.623,13.8,18.7,16.2,6.8,1.7,2.3,15.2,11.4,1.0,0.6,1.7,.125,-1.1,-0.1,-1.1,0.1,,rambiku01
12,Ron Anderson,35,2TM,SF,21,2,356,9.9,.499,.302,.267,4.9,11.8,8.3,6.8,1.1,0.5,9.4,12.7,0.3,0.2,0.5,.061,-1.4,-1.3,-2.7,-0.1,,anderro01
13,Rick Mahorn,35,NJN,PF,28,0,226,9.2,.529,.021,.426,7.3,18.0,12.6,3.2,0.7,1.4,11.1,11.7,0.2,0.2,0.5,.096,-4.2,-0.1,-4.4,-0.1,,mahorri01
14,Dominique Wilkins,34,2TM,SF,74,74,2635,21.4,.529,.186,.329,7.5,12.3,9.9,11.3,1.7,0.7,8.6,32.0,5.6,2.8,8.4,.153,4.2,-1.6,2.6,3.0,MVP-11ASNBA3,wilkido01
15,Frank Brickowski,34,2TM,C,71,46,2094,14.3,.540,.027,.337,4.5,17.9,11.0,17.2,1.9,0.8,17.3,21.5,1.0,1.7,2.7,.062,-1.3,-0.1,-1.5,0.3,,brickfr01
16,Orlando Woolridge,34,PHI,SF,74,1,1955,13.9,.517,.018,.391,5.8,11.0,8.4,11.9,1.1,1.7,13.6,23.3,0.7,0.7,1.5,.036,-1.4,-1.7,-3.1,-0.5,6MOY-6,woolror01
17,Tom Chambers,34,UTA,PF,80,0,1838,13.4,.512,.060,.376,5.5,14.8,10.2,6.8,1.1,1.2,9.3,23.1,1.8,2.1,3.9,.101,-1.5,-0.8,-2.3,-0.1,,chambto01
18,Danny Ainge,34,PHO,SG,68,1,1555,11.8,.524,.454,.175,2.0,7.4,4.7,15.9,1.8,0.3,12.3,17.8,1.9,1.0,2.8,.087,-0.8,-0.5,-1.3,0.3,,aingeda01
19,Eddie Johnson,34,CHH,SF,73,27,1460,15.9,.527,.203,.172,6.2,10.6,8.5,13.8,1.2,0.3,9.6,25.6,1.8,0.6,2.4,.079,1.4,-2.3,-0.9,0.4,,johnsed03
20,Ricky Pierce,34,SEA,SG,51,0,1022,20.8,.552,.055,.366,3.4,6.3,4.8,15.4,2.1,0.4,8.7,30.8,2.9,1.1,4.0,.188,3.0,-0.8,2.2,1.1,6MOY-4,piercri01
21,Rolando Blackman,34,NYK,SG,55,1,969,11.3,.510,.228,.144,2.7,8.0,5.4,12.7,1.3,0.4,10.1,19.7,0.9,1.5,2.4,.118,-1.8,0.4,-1.5,0.1,,blackro01
22,Larry Nance,34,CLE,PF,33,19,909,17.1,.526,.000,.271,9.8,19.2,14.5,8.7,1.6,4.0,9.8,19.2,1.4,1.4,2.8,.146,0.0,0.9,0.9,0.7,,nancela01
23,Mark Aguirre,34,LAC,SF,39,0,859,13.1,.544,.267,.207,3.5,10.8,7.2,18.5,1.2,0.6,15.6,21.6,0.6,0.3,0.9,.050,-0.5,-1.4,-1.8,0.0,,aguirma01
24,Rod Higgins,34,CLE,SF,36,11,547,13.7,.537,.307,.258,5.3,12.1,8.7,10.0,2.4,1.7,10.4,16.6,0.7,0.7,1.4,.125,0.0,1.0,1.0,0.4,,higgiro01
25,Danny Schayes,34,2TM,C,36,6,363,7.4,.433,.000,.381,9.1,15.6,12.2,5.0,1.4,1.8,19.0,14.3,-0.2,0.2,0.0,-0.001,-5.0,-0.8,-5.9,-0.4,,schayda01
26,Mike Gminski,34,2TM,C,29,7,309,9.9,.388,.000,.175,8.1,18.6,13.3,4.9,2.1,3.2,10.5,17.1,-0.3,0.4,0.0,.002,-3.5,-0.9,-4.5,-0.2,,gminsmi01
27,Lester Conner,34,IND,PG,11,0,169,12.0,.381,.079,.158,7.1,9.2,8.2,25.5,4.3,0.4,18.1,12.9,0.0,0.3,0.3,.075,-2.3,2.7,0.3,0.1,,connele01
28,Chuck Nevitt,34,SAS,C,1,0,1,46.0,.568,,,100.0,0.0,56.3,0.0,0.0,0.0,27.5,100.0,0.0,0.0,0.0,-0.174,-18.5,-15.8,-34.2,0.0,,nevitch01
29,Buck Williams,33,POR,PF,81,81,2636,14.0,.598,.002,.565,12.5,22.8,17.4,4.1,1.1,1.1,14.5,11.8,4.7,3.2,7.9,.143,-0.2,-0.4,-0.6,0.9,,willibu01
30,Dale Ellis,33,SAS,SF,77,75,2590,14.7,.577,.343,.111,3.2,7.7,5.5,5.0,1.4,0.3,6.9,18.8,5.5,2.1,7.6,.140,1.4,-0.7,0.7,1.8,,ellisda01
31,Fat Lever,33,DAL,PG,81,54,1947,13.2,.462,.133,.176,4.5,12.5,8.2,16.6,4.1,0.5,12.8,15.0,0.7,2.1,2.9,.070,-1.8,2.4,0.5,1.3,,leverfa01
32,Mark West,33,PHO,C,82,50,1236,12.3,.567,.000,.406,10.3,16.5,13.4,3.6,1.2,5.5,18.0,13.9,0.8,1.6,2.4,.094,-3.4,1.1,-2.2,-0.1,,westma01
33,Sleepy Floyd,33,SAS,PG,53,2,737,6.0,.411,.172,.373,1.6,8.7,5.3,19.3,0.9,0.7,20.0,18.5,-1.0,0.6,-0.4,-0.025,-5.0,-1.2,-6.3,-0.8,,floydsl01
34,John Paxson,33,CHI,PG,27,0,343,8.3,.508,.324,.029,1.0,5.8,3.4,13.1,1.1,0.4,8.0,9.7,0.3,0.3,0.6,.088,-2.0,0.2,-1.8,0.0,,paxsojo01
35,Randy Breuer,33,SAC,C,26,3,247,5.4,.295,.038,.538,6.5,18.5,12.4,4.2,1.2,4.9,21.9,7.0,-0.3,0.3,0.0,-0.007,-5.6,0.9,-4.7,-0.2,,breuera01
36,John Bagley,33,ATL,PG,3,0,13,7.6,.347,.000,1.000,0.0,8.5,4.2,28.1,0.0,0.0,0.0,9.5,0.0,0.0,0.0,.105,-5.4,-1.4,-6.8,0.0,,baglejo01
37,Dennis Rodman,32,SAS,PF,79,51,2989,13.4,.549,.082,.349,17.9,32.8,25.7,8.2,0.9,0.7,29.1,7.1,3.3,5.4,8.7,.140,0.7,0.3,1.0,2.3,MVP-11DPOY-66MOY-6DEF2,rodmade01
38,Jeff Malone,32,2TM,SG,77,73,2560,13.5,.530,.011,.228,2.3,6.5,4.4,8.3,0.8,0.1,6.7,21.9,3.2,0.9,4.2,.079,-0.7,-2.2,-2.9,-0.6,,malonje01
39,Sedale Threatt,32,LAL,PG,81,20,2278,15.3,.524,.039,.182,1.3,6.2,3.6,23.1,2.4,0.5,10.3,19.0,3.6,1.0,4.5,.096,-0.3,-0.1,-0.4,0.9,,threase01
40,Derek Harper,32,2TM,PG,82,55,2204,12.3,.485,.273,.219,1.0,6.3,3.6,23.5,2.9,0.3,14.2,18.6,1.1,2.9,4.0,.086,-1.0,1.2,0.1,1.2,,harpede01
41,Sam Perkins,32,SEA,PF,81,41,2170,14.9,.556,.347,.349,6.5,13.5,10.0,7.4,1.6,1.0,10.3,19.8,4.2,2.8,7.0,.155,1.6,-0.6,1.0,1.7,,perkisa01
42,Craig Ehlo,32,ATL,SG,82,0,2147,15.0,.529,.312,.218,3.6,10.7,7.1,18.8,3.2,0.8,14.4,18.1,2.4,3.5,5.9,.132,0.0,2.1,2.2,2.3,6MOY-3,ehlocr01
43,Isiah Thomas,32,DET,PG,58,56,1750,15.2,.488,.165,.338,2.9,7.3,5.0,36.7,2.0,0.2,18.7,27.0,-0.2,0.4,0.2,.007,1.3,-2.2,-1.0,0.5,,thomais01
44,Michael Cage,32,SEA,C,82,42,1708,11.9,.545,.003,.236,11.3,19.5,15.4,3.5,2.3,1.6,12.8,10.0,1.9,3.0,4.9,.137,-0.8,0.5,-0.3,0.7,,cagemi01
45,James Worthy,32,LAL,SF,80,2,1597,12.8,.452,.132,.161,3.1,9.4,6.2,15.6,1.4,0.7,9.8,26.2,-0.5,0.5,0.1,.002,-0.6,-2.3,-2.9,-0.4,,worthja01
46,Thurl Bailey,32,MIN,PF,79,3,1297,15.2,.560,.004,.327,6.1,13.2,9.7,7.2,0.8,2.9,10.0,19.5,1.9,0.7,2.6,.097,0.5,-0.8,-0.3,0.6,,baileth01
47,Byron Scott,32,IND,SG,67,2,1197,17.6,.549,.135,.356,1.9,8.5,5.3,18.9,2.7,0.5,14.0,27.0,1.7,1.4,3.1,.123,1.3,0.2,1.5,1.1,,scottby01
48,Terry Cummings,32,SAS,PF,59,29,1133,12.7,.452,.005,.250,13.8,15.6,14.8,6.9,1.5,0.8,11.0,21.1,0.4,1.4,1.8,.076,-2.4,-1.3,-3.7,-0.5,,cummite01
49,Joe Kleine,32,PHO,C,74,4,848,11.2,.522,.043,.152,6.7,18.8,12.8,7.3,0.8,1.4,11.4,15.2,0.8,0.8,1.6,.089,-2.3,-0.5,-2.8,-0.2,,kleinjo01
50,Sam Bowie,32,LAL,C,25,7,556,13.6,.535,.023,.483,5.1,21.2,12.8,12.1,0.4,3.2,17.1,19.1,0.4,0.4,0.8,.073,-1.8,0.0,-1.8,0.0,,bowiesa01
51,Doc Rivers,32,NYK,PG,19,19,499,12.9,.523,.409,.173,0.9,7.8,4.4,29.7,2.6,0.7,17.5,14.5,0.6,0.9,1.5,.146,-0.1,2.3,2.2,0.5,,riverdo01
52,Antoine Carr,32,SAS,PF,34,0,465,12.8,.534,.006,.363,3.1,9.0,6.2,5.1,1.0,3.1,7.5,19.3,0.7,0.5,1.2,.124,-2.2,0.5,-1.7,0.0,,carran01
53,Greg Kite,32,ORL,C,29,0,309,2.2,.380,.000,.629,8.1,17.3,12.7,1.6,0.3,2.4,27.6,8.5,-0.4,0.3,-0.1,-0.018,-6.9,-0.5,-7.3,-0.4,,kitegr01
54,LaSalle Thompson,32,IND,C,30,1,282,6.1,.388,.000,.390,11.1,19.4,15.4,8.0,1.8,1.9,20.3,17.6,-0.5,0.5,0.0,-0.005,-6.8,0.2,-6.5,-0.3,,thompla01
55,Ben Coleman,32,DET,PF,9,0,77,11.6,.491,.000,.320,14.2,23.4,18.7,0.0,1.3,1.7,19.7,20.2,-0.1,0.1,0.0,-0.004,-3.9,-3.0,-6.9,-0.1,,colembe01
56,Hakeem Olajuwon,31,HOU,C,80,80,3277,25.3,.565,.011,.320,8.2,23.3,16.2,16.4,2.0,5.7,12.3,29.8,6.4,7.9,14.3,.210,3.5,3.3,6.8,7.3,MVP-1DPOY-1ASNBA1DEF1,olajuha01
57,Patrick Ewing,31,NYK,C,79,79,2972,22.9,.551,.009,.387,8.5,24.9,16.9,11.3,1.6,5.1,12.9,29.8,5.1,8.0,13.1,.211,2.5,2.7,5.2,5.5,MVP-5AS,ewingpa01
58,John Stockton,31,UTA,PG,82,82,2969,22.5,.608,.172,.389,2.8,7.1,5.0,53.1,3.5,0.5,20.7,19.1,9.3,4.0,13.2,.214,5.8,2.2,8.0,7.5,MVP-11ASNBA1,stockjo01
59,Otis Thorpe,31,HOU,PF,82,82,2909,16.1,.593,.002,.477,11.0,21.7,16.6,9.9,1.1,0.6,16.0,17.6,4.9,4.9,9.8,.162,0.1,0.2,0.3,1.7,,thorpot01
60,Kevin Willis,31,ATL,PF,80,80,2867,19.4,.538,.019,.299,12.8,24.2,18.5,8.7,1.4,0.9,11.7,24.1,5.1,5.1,10.2,.170,1.3,-0.9,0.4,1.7,MVP-11,willike02
61,Detlef Schrempf,31,SEA,SF,81,80,2728,14.9,.564,.075,.432,6.2,13.5,9.9,14.8,1.4,0.2,13.9,19.6,5.1,3.2,8.4,.148,0.8,-0.5,0.3,1.6,,schrede01
62,Hot Rod Williams,31,CLE,PF,76,72,2660,16.2,.532,.000,.419,9.0,16.1,12.6,11.3,1.5,3.2,12.5,18.8,3.8,3.6,7.4,.134,0.6,0.9,1.5,2.4,,williho01
63,Michael Adams,31,WSB,PG,70,67,2337,14.2,.520,.274,.387,1.8,7.4,4.6,29.8,2.1,0.2,17.0,18.1,2.9,0.2,3.1,.063,0.5,-1.5,-1.0,0.6,,adamsmi01
64,Clyde Drexler,31,POR,SG,68,68,2334,18.4,.514,.198,.333,6.9,14.2,10.4,21.9,2.0,0.9,11.6,25.0,4.2,2.7,6.8,.140,2.6,0.4,3.0,3.0,AS,drexlcl01
65,Tyrone Corbin,31,UTA,SF,82,17,2149,11.8,.506,.049,.245,8.2,12.7,10.4,8.3,2.4,0.8,12.4,15.3,1.6,2.8,4.4,.099,-1.2,0.8,-0.5,0.8,,corbity01
66,Jay Humphries,31,UTA,SG,75,19,1619,10.9,.493,.179,.142,2.5,6.5,4.5,20.4,2.1,0.5,14.3,18.1,0.5,1.6,2.0,.061,-1.6,0.2,-1.4,0.3,,humphja01
67,Jeff Turner,31,ORL,PF,68,51,1536,7.6,.506,.129,.106,5.8,13.9,9.9,5.4,0.8,0.5,14.4,14.5,0.4,1.0,1.4,.043,-4.0,-1.1,-5.1,-1.2,,turneje01
68,Jerome Kersey,31,POR,SF,78,6,1276,14.5,.481,.017,.288,10.6,17.9,14.1,8.5,2.7,2.4,10.7,18.9,1.1,2.0,3.2,.119,-1.9,1.5,-0.5,0.5,,kerseje01
69,Tony Campbell,31,2TM,SF,63,14,1214,13.3,.491,.055,.234,6.8,10.7,8.6,11.4,2.1,0.8,12.9,22.8,0.4,1.2,1.5,.061,-1.5,-0.5,-2.0,0.0,,campbto01
70,Vern Fleming,31,IND,PG,55,5,1053,11.8,.502,.013,.274,3.1,10.2,6.8,24.8,2.0,0.4,19.6,18.5,0.3,1.1,1.4,.064,-1.6,0.4,-1.2,0.2,,flemive01
71,Ennis Whatley,31,ATL,PG,82,1,1004,12.8,.551,.025,.280,2.4,8.5,5.4,25.7,3.0,0.1,22.7,14.7,0.8,1.4,2.2,.105,-2.4,1.5,-1.0,0.3,,whatlen01
72,John Battle,31,CLE,SG,51,1,814,12.2,.535,.070,.355,1.0,4.6,2.8,16.2,1.4,0.1,11.5,19.6,0.9,0.5,1.4,.084,-1.7,-1.1,-2.7,-0.1,,battljo01
73,Greg Dreiling,31,DAL,C,54,19,685,7.2,.547,.010,.365,7.2,21.8,13.9,6.5,1.2,2.4,26.3,10.1,0.0,0.6,0.6,.040,-6.4,0.7,-5.7,-0.6,,dreilgr01
74,Manute Bol,31,3TM,C,14,0,116,3.1,.211,.158,.000,2.9,14.6,8.7,1.1,0.9,8.8,20.8,8.9,-0.3,0.1,-0.2,-0.066,-7.5,1.2,-6.3,-0.1,,bolma01
75,Sedric Toney,31,CLE,PG,12,0,64,-0.9,.233,.083,.167,1.8,3.6,2.7,22.7,0.0,0.0,28.0,12.5,-0.2,0.0,-0.2,-0.117,-7.0,-3.6,-10.6,-0.1,,toneyse01
76,Karl Malone,30,UTA,PF,82,82,3329,22.9,.550,.021,.474,8.3,24.1,16.3,17.1,1.9,2.6,11.1,28.0,7.4,6.1,13.4,.193,4.1,1.5,5.6,6.4,MVP-7ASNBA1,malonka01
77,Charles Oakley,30,NYK,PF,82,82,2932,15.3,.540,.004,.412,13.8,23.3,18.6,11.3,1.9,0.4,17.7,16.3,3.7,6.8,10.5,.172,0.1,1.5,1.6,2.6,DPOY-9ASDEF1,oaklech01
78,Ron Harper,30,LAC,SG,75,75,2856,15.7,.496,.177,.313,4.8,12.2,8.6,18.7,2.4,1.1,13.7,25.5,0.7,2.3,2.9,.049,0.5,-0.5,0.1,1.5,,harpero01
79,A.C. Green,30,PHO,PF,82,55,2825,17.0,.555,.038,.391,11.1,18.8,15.0,6.9,1.2,0.8,8.4,17.6,6.7,2.6,9.3,.157,1.8,-1.2,0.6,1.8,,greenac01
80,Jeff Hornacek,30,2TM,SG,80,62,2820,16.7,.562,.207,.295,2.4,8.6,5.5,23.9,2.3,0.3,13.1,20.2,5.1,1.8,6.9,.117,1.3,0.2,1.5,2.5,,hornaje01
81,Gerald Wilkins,30,CLE,SG,82,82,2768,14.9,.539,.217,.256,4.4,8.3,6.4,14.7,2.0,0.9,10.8,19.7,4.2,2.6,6.8,.118,1.0,0.1,1.1,2.2,,wilkige01
82,Joe Dumars,30,DET,SG,69,69,2591,16.2,.558,.286,.295,1.5,5.0,3.2,16.6,1.2,0.1,11.2,24.0,4.6,-0.1,4.4,.082,2.3,-2.0,0.3,1.5,,dumarjo01
83,Spud Webb,30,SAC,PG,79,62,2567,15.2,.546,.202,.310,1.8,7.7,4.7,31.2,1.8,0.6,15.4,17.9,4.0,1.1,5.1,.096,1.0,-0.5,0.5,1.6,,webbsp01
84,Chris Mullin,30,GSW,SF,62,39,2324,15.8,.539,.174,.252,3.0,12.9,8.0,19.1,2.2,1.4,15.6,20.3,2.4,2.3,4.7,.097,0.9,0.1,1.1,1.8,,mullich01
85,Charles Barkley,30,PHO,PF,65,65,2298,22.8,.563,.170,.432,9.8,25.6,17.8,20.0,2.2,1.0,14.2,26.5,5.6,3.3,8.8,.185,4.5,0.7,5.2,4.2,MVP-10ASNBA2,barklch01
86,Terry Porter,30,POR,PG,77,34,2074,16.4,.538,.337,.280,2.3,9.3,5.6,28.2,1.9,0.6,15.0,21.7,3.5,1.8,5.4,.124,2.3,-0.1,2.2,2.2,,portete01
87,Pete Myers,30,CHI,SG,82,81,2030,10.6,.507,.052,.349,3.1,7.3,5.2,17.3,2.0,0.7,17.5,16.9,0.6,2.4,3.0,.072,-2.7,0.4,-2.2,-0.1,,myerspe01
88,Xavier McDaniel,30,BOS,SF,82,5,1971,14.5,.497,.049,.254,8.1,14.8,11.5,10.0,1.2,1.2,11.1,23.1,1.0,1.3,2.3,.055,-0.5,-1.3,-1.8,0.1,,mcdanxa01
89,Mike Brown,30,MIN,C,82,40,1921,7.2,.479,.008,.454,7.4,19.6,13.6,5.4,1.3,1.0,19.4,8.8,0.0,1.6,1.5,.038,-3.6,0.2,-3.4,-0.7,,brownmi01
90,Jon Koncak,30,ATL,C,82,78,1823,9.9,.444,.008,.098,5.0,17.1,11.0,7.6,1.8,4.5,10.3,10.1,0.4,3.4,3.8,.101,-3.6,3.1,-0.5,0.7,,koncajo01
91,Johnny Newman,30,2TM,SF,81,18,1697,14.1,.545,.136,.339,5.4,5.9,5.7,6.7,2.0,1.0,10.6,21.3,2.4,1.3,3.7,.106,-1.0,-0.3,-1.3,0.3,6MOY-6,newmajo01
92,Mario Elie,30,HOU,SF,67,8,1606,13.4,.575,.358,.384,2.1,10.0,6.3,19.1,1.6,0.3,16.7,18.0,2.1,2.0,4.2,.125,-0.1,0.8,0.6,1.0,6MOY-6,eliema01
93,Ed Pinckney,30,BOS,PF,76,35,1524,14.5,.573,.000,.433,11.8,23.7,17.7,5.5,1.9,1.8,15.3,11.6,2.2,1.8,4.0,.126,0.0,0.2,0.2,0.8,,pincked01
94,Bill Wennington,30,CHI,C,76,0,1371,14.0,.520,.004,.183,10.0,20.2,15.1,7.9,1.6,1.5,12.6,19.2,1.3,2.3,3.5,.124,-2.4,0.2,-2.3,-0.1,,wennibi01
95,Johnny Dawkins,30,PHI,PG,72,12,1343,13.5,.509,.248,.236,2.3,7.8,5.0,30.1,2.4,0.2,19.2,18.7,0.6,0.6,1.1,.041,-0.6,-1.2,-1.8,0.1,,dawkijo01
96,Sam Mitchell,30,IND,PF,75,18,1084,10.9,.511,.016,.359,7.9,12.2,10.1,8.9,1.6,0.6,12.4,16.4,1.0,1.2,2.2,.099,-2.2,-0.2,-2.4,-0.1,,mitchsa01
97,David Wingate,30,CHH,SG,50,36,1005,10.8,.507,.042,.180,3.4,11.1,7.4,14.4,2.1,0.4,14.8,15.2,0.3,0.6,1.0,.046,-2.2,-0.3,-2.5,-0.1,,wingada01
98,Anthony Bowie,30,ORL,SG,70,0,948,11.5,.515,.062,.170,3.5,10.7,7.1,15.4,1.7,0.8,15.7,16.6,0.6,0.7,1.3,.065,-1.9,0.2,-1.7,0.1,,bowiean01
99,Jim Les,30,SAC,PG,18,0,169,12.9,.566,.529,.382,3.2,5.3,4.2,31.7,2.0,0.4,21.7,12.7,0.3,0.1,0.3,.098,0.2,-0.1,0.1,0.1,,lesji01
100,Tim Kempton,30,2TM,PF,13,0,136,5.7,.433,.000,.421,8.4,11.5,10.0,9.4,2.2,0.9,19.6,17.9,-0.2,0.1,-0.1,-0.021,-7.6,-0.6,-8.2,-0.2,,kemptti01
101,Jack Haley,30,SAS,PF,28,0,94,12.8,.515,.000,.438,7.6,20.6,14.4,1.8,0.0,0.0,14.9,32.0,0.0,0.1,0.1,.054,-6.7,-4.0,-10.7,-0.2,,haleyja01
102,Tod Murphy,30,2TM,PF,9,0,67,9.0,.512,.000,.500,6.5,10.0,8.2,8.1,1.5,0.0,6.4,10.2,0.1,0.0,0.1,.073,-2.6,-0.4,-3.0,0.0,,murphto01
103,Muggsy Bogues,29,CHH,PG,77,77,2746,16.2,.510,.016,.206,3.2,9.2,6.3,39.2,2.4,0.0,17.3,15.4,4.8,1.7,6.4,.112,1.4,-0.4,1.1,2.1,,boguemu01
104,Reggie Williams,29,DEN,SF,82,68,2654,13.1,.478,.227,.222,4.2,11.9,8.2,17.6,2.2,1.6,12.8,20.5,0.9,3.9,4.8,.088,-0.8,1.3,0.6,1.7,,willire01
105,Wayman Tisdale,29,SAC,PF,79,77,2557,15.8,.541,.000,.241,6.6,17.5,12.0,9.2,0.7,1.3,9.2,22.2,3.8,1.6,5.4,.101,-0.1,-1.2,-1.4,0.4,,tisdawa01
106,Ken Norman,29,MIL,SF,82,75,2539,12.6,.490,.206,.199,7.2,15.9,11.3,14.3,1.2,1.2,13.0,19.6,0.6,1.3,1.9,.036,-0.7,-1.6,-2.3,-0.2,,normake01
107,Olden Polynice,29,2TM,C,68,65,2402,14.9,.529,.003,.289,13.4,23.8,18.5,2.6,0.9,1.8,9.5,14.8,3.1,2.0,5.1,.102,0.2,-1.4,-1.2,0.5,,polynol01
108,Mark Price,29,CLE,PG,76,73,2386,22.7,.586,.296,.267,1.9,9.2,5.6,42.0,2.3,0.3,14.4,24.6,7.6,2.4,10.0,.201,6.3,0.1,6.4,5.0,MVP-9ASNBA3,pricema01
109,Scott Skiles,29,ORL,PG,82,46,2303,13.1,.549,.256,.345,2.1,7.1,4.6,30.0,1.0,0.1,20.6,17.3,3.5,0.9,4.4,.091,0.5,-1.8,-1.3,0.4,,skilesc01
110,Dell Curry,29,CHH,SG,82,0,2173,18.5,.543,.323,.114,3.7,9.4,6.7,16.7,2.2,0.8,8.9,26.5,3.6,1.4,5.0,.110,3.5,-0.7,2.8,2.6,6MOY-1,curryde01
111,Chuck Person,29,MIN,SF,77,37,2029,11.7,.502,.323,.128,3.3,11.2,7.3,15.7,1.1,0.4,12.0,21.8,0.4,0.8,1.2,.028,-0.3,-1.8,-2.1,-0.1,,persoch01
112,Armen Gilliam,29,NJN,PF,82,5,1969,18.5,.577,.001,.529,10.4,16.5,13.4,5.6,1.0,1.9,11.2,20.3,4.6,2.2,6.8,.166,1.7,-0.6,1.0,1.5,6MOY-5,gilliar01
113,John Salley,29,MIA,PF,76,45,1910,13.0,.544,.007,.516,7.8,16.4,12.1,10.1,1.5,2.8,14.9,14.2,2.5,2.3,4.8,.122,-0.8,1.4,0.6,1.2,,sallejo01
114,Nate McMillan,29,SEA,PG,73,8,1887,15.5,.520,.336,.139,3.1,14.7,8.9,27.3,5.8,0.8,23.1,12.4,1.5,4.5,6.0,.154,0.1,5.5,5.6,3.6,DPOY-76MOY-2DEF2,mcmilna01
115,Benoit Benjamin,29,NJN,C,77,74,1817,14.2,.525,.000,.363,7.7,21.5,14.5,3.8,1.0,3.1,12.4,18.1,1.4,2.6,4.1,.107,-2.0,0.0,-2.1,0.0,,benjabe01
116,Kenny Gattison,29,CHH,PF,77,18,1644,13.3,.558,.000,.438,7.3,16.5,12.0,8.1,1.8,1.7,13.0,15.8,2.0,1.5,3.5,.102,-1.6,0.3,-1.3,0.3,,gattike01
117,Greg Anderson,29,DET,PF,77,47,1624,14.6,.561,.008,.416,12.3,26.9,19.5,4.6,1.7,2.7,17.7,14.3,1.4,2.0,3.4,.101,-1.7,0.1,-1.6,0.2,,andergr01
118,Kevin Duckworth,29,WSB,C,69,52,1485,8.2,.457,.000,.299,8.0,17.8,12.8,5.5,1.2,1.5,16.8,17.3,-1.1,0.6,-0.5,-0.017,-5.1,-1.5,-6.6,-1.7,,duckwke01
119,Kenny Walker,29,WSB,SF,73,4,1397,10.7,.533,.011,.456,9.7,14.6,12.1,3.3,0.9,2.6,11.8,11.5,1.5,0.4,1.9,.065,-1.9,-0.9,-2.8,-0.3,,walkeke01
120,David Wood,29,DET,PF,78,3,1182,11.1,.546,.189,.317,9.6,12.8,11.2,6.1,1.7,1.0,10.6,12.2,1.7,0.6,2.3,.095,-2.2,-0.2,-2.4,-0.1,,woodda01
121,Brad Lohaus,29,MIL,PF,67,2,962,8.3,.460,.477,.103,3.7,14.8,9.0,9.7,1.6,3.9,16.5,15.8,-0.7,0.8,0.1,.004,-3.7,0.5,-3.3,-0.3,,lohaubr01
122,Larry Krystkowiak,29,ORL,PF,34,11,682,8.9,.524,.007,.264,6.3,13.8,10.1,6.9,1.0,0.4,14.9,12.2,0.5,0.5,1.0,.068,-2.8,-0.3,-3.2,-0.2,,krystla01
123,Andre Spencer,29,2TM,SF,28,1,349,15.6,.523,.000,.653,9.2,13.6,11.4,9.5,2.7,1.3,12.1,20.8,0.4,0.3,0.8,.109,-0.1,0.6,0.6,0.2,,spencan01
124,Jim Farmer,29,DEN,SG,4,0,29,-3.7,.333,.333,.000,0.0,7.4,3.8,18.9,0.0,0.0,45.5,16.2,-0.1,0.0,-0.1,-0.210,-10.1,-4.4,-14.5,-0.1,,farmeji01
125,David Robinson,28,SAS,C,80,80,3241,30.7,.577,.017,.558,8.8,20.3,14.8,21.6,2.3,5.4,10.9,32.0,13.3,6.7,20.0,.296,8.1,3.8,11.9,11.4,MVP-2DPOY-2ASNBA2DEF2,robinda01
126,Dan Majerle,28,PHO,SG,80,76,3207,13.7,.531,.442,.209,4.3,8.0,6.1,11.9,2.0,0.8,9.9,18.0,5.0,2.3,7.3,.109,1.3,-0.4,0.9,2.4,,majerda01
127,Mitch Richmond,28,SAC,SG,78,78,2897,17.7,.551,.218,.358,2.6,8.3,5.4,18.5,1.8,0.4,11.6,27.2,5.2,1.2,6.4,.106,2.7,-1.1,1.6,2.7,ASNBA2,richmmi01
128,Scottie Pippen,28,CHI,SF,72,72,2759,23.2,.544,.154,.320,7.3,19.4,13.3,24.6,4.0,1.4,13.7,27.1,5.2,6.0,11.2,.194,4.5,3.2,7.7,6.8,MVP-3DPOY-4ASNBA1DEF1,pippesc01
129,Kevin Edwards,28,NJN,SG,82,82,2727,13.8,.509,.096,.211,3.6,7.4,5.4,13.6,2.2,0.8,10.7,19.5,2.5,2.6,5.1,.089,-0.6,0.6,0.0,1.3,,edwarke01
130,Mark Jackson,28,LAC,PG,79,79,2711,14.8,.524,.173,.288,4.2,9.4,6.8,34.6,2.1,0.1,22.0,16.1,2.7,1.4,4.1,.072,0.7,-0.8,-0.1,1.3,,jacksma01
131,Reggie Miller,28,IND,SG,79,79,2638,20.2,.636,.280,.426,1.4,7.7,4.7,15.6,2.3,0.6,12.4,23.5,8.8,2.9,11.7,.212,4.1,0.6,4.7,4.5,,millere01
132,Vernon Maxwell,28,HOU,SG,75,73,2571,12.5,.483,.413,.196,1.9,7.7,5.0,22.4,2.5,0.5,14.9,21.4,-0.1,3.6,3.5,.066,-0.8,0.6,-0.2,1.2,,maxweve01
133,Horace Grant,28,CHI,PF,70,69,2570,19.8,.540,.007,.262,13.9,21.1,17.5,14.3,1.5,2.2,10.0,18.7,5.7,4.3,10.0,.188,3.2,0.9,4.0,3.9,DPOY-10ASDEF2,grantho01
134,Rony Seikaly,28,MIA,C,72,60,2410,17.1,.550,.002,.526,11.5,23.4,17.4,8.8,1.3,2.9,16.5,21.2,3.3,3.4,6.7,.133,-0.1,-0.2,-0.2,1.1,,seikaro01
135,Tim Perry,28,PHI,PF,80,68,2336,11.5,.512,.320,.282,5.5,13.5,9.5,6.0,1.3,2.1,10.2,14.6,1.3,1.3,2.6,.054,-1.0,-0.6,-1.6,0.2,,perryti01
136,Avery Johnson,28,GSW,PG,82,70,2332,13.9,.533,.017,.349,1.9,6.2,4.1,25.3,2.3,0.2,17.1,17.8,2.6,1.5,4.1,.085,-0.6,-0.4,-1.1,0.5,,johnsav01
137,Blue Edwards,28,MIL,SF,82,64,2322,12.9,.540,.133,.236,4.9,11.8,8.1,12.1,1.8,0.8,14.2,19.2,1.7,1.2,2.9,.060,-1.2,-1.0,-2.2,-0.1,,edwarbl01
138,Kenny Smith,28,HOU,PG,78,78,2209,14.2,.581,.309,.218,1.3,5.4,3.5,22.6,1.3,0.1,13.9,18.1,3.9,2.2,6.1,.132,0.6,-0.5,0.2,1.2,,smithke01
139,Harvey Grant,28,POR,SF,77,73,2112,12.3,.480,.009,.169,5.4,13.0,9.0,7.4,1.6,1.5,6.3,17.1,1.7,2.2,3.9,.089,-1.5,0.3,-1.2,0.4,,grantha01
140,John Starks,28,NYK,SG,59,54,2057,16.0,.516,.345,.254,2.1,8.0,5.1,28.9,2.4,0.2,14.5,27.1,2.1,3.7,5.8,.135,1.8,0.9,2.7,2.4,AS,starkjo01
141,Steve Kerr,28,CHI,PG,82,0,2036,13.7,.572,.215,.168,1.5,6.0,3.8,15.2,1.9,0.1,8.4,14.7,4.0,2.1,6.1,.145,0.1,0.7,0.8,1.5,6MOY-6,kerrst01
142,Kevin Gamble,28,BOS,SF,75,28,1880,13.4,.503,.128,.157,2.4,7.1,4.8,12.4,1.5,0.7,8.2,21.6,1.4,0.7,2.1,.054,-0.7,-1.0,-1.7,0.2,,gamblke01
143,Brad Daugherty,28,CLE,C,50,50,1838,18.4,.566,.000,.538,8.1,24.1,16.1,12.9,1.2,1.3,12.8,21.0,3.9,2.6,6.4,.168,1.7,0.2,1.9,1.8,,daughbr01
144,Haywoode Workman,28,IND,PG,65,52,1714,12.9,.490,.122,.252,2.2,11.2,6.9,34.3,2.6,0.2,22.8,16.9,0.7,2.2,2.8,.080,-0.9,0.4,-0.4,0.7,,workmha01
145,Gary Grant,28,LAC,PG,78,8,1533,13.8,.493,.110,.135,2.9,6.9,4.9,27.9,3.7,0.5,18.6,19.7,0.0,1.3,1.3,.041,-1.7,0.9,-0.8,0.5,,grantga01
146,Mark Bryant,28,POR,C,79,10,1441,9.9,.514,.003,.271,8.5,15.6,11.9,3.5,1.1,1.3,13.3,14.0,0.9,1.4,2.3,.076,-3.2,-0.4,-3.6,-0.6,,bryanma01
147,Chris Morris,28,NJN,SF,50,27,1349,15.4,.538,.324,.260,7.0,10.9,8.9,9.5,2.0,2.3,9.3,17.4,2.2,1.6,3.8,.137,1.4,0.9,2.3,1.5,,morrich01
148,Scott Brooks,28,HOU,PG,73,0,1225,12.2,.584,.211,.294,1.0,7.9,4.6,17.6,2.1,0.1,14.4,13.8,1.8,1.6,3.3,.131,-1.6,1.5,-0.1,0.6,,brooksc01
149,Duane Ferrell,28,ATL,SF,72,13,1155,14.5,.558,.024,.485,5.9,6.4,6.1,8.5,1.9,0.9,12.2,19.5,1.9,1.3,3.2,.134,-0.7,-0.2,-0.9,0.3,,ferredu01
150,Charles Smith,28,NYK,SF,43,21,1105,11.3,.496,.040,.305,6.9,9.9,8.5,7.2,1.2,2.9,12.4,20.4,0.4,2.0,2.4,.104,-2.5,1.0,-1.5,0.2,,smithch01
151,Jeff Grayer,28,GSW,SG,67,4,1096,13.2,.548,.033,.325,7.6,11.2,9.4,7.9,1.5,0.7,13.2,18.0,1.2,0.8,1.9,.085,-1.0,-1.2,-2.3,-0.1,,grayeje01
152,Tellis Frank,28,MIN,PF,67,11,959,8.9,.486,.013,.475,10.4,16.4,13.4,8.7,1.9,2.3,20.2,11.1,0.2,0.9,1.1,.055,-3.9,1.2,-2.7,-0.2,,frankte01
153,Tom Tolbert,28,LAC,SF,49,6,640,7.9,.475,.090,.254,6.0,11.8,9.0,6.4,1.0,1.4,16.5,15.2,-0.3,0.3,0.0,.000,-3.9,-1.1,-5.1,-0.5,,tolbeto01
154,Will Perdue,28,CHI,C,43,6,397,9.8,.464,.009,.286,11.8,25.4,18.6,12.2,1.1,1.9,25.0,18.7,-0.4,0.7,0.2,.030,-5.0,0.6,-4.4,-0.2,,perduwi01
155,Gerald Paddio,28,3TM,SF,18,1,137,8.5,.395,.017,.267,4.2,9.3,6.8,12.3,1.5,0.0,8.2,23.1,-0.2,0.1,-0.1,-0.035,-3.5,-1.6,-5.1,-0.1,,paddige01
156,Chris Dudley,28,POR,C,6,3,86,6.8,.262,.000,.160,19.4,10.6,15.2,7.4,2.3,2.2,7.0,13.6,-0.1,0.1,0.0,.022,-5.6,-1.2,-6.8,-0.1,,dudlech02
157,Corey Gaines,28,NYK,SG,18,0,78,23.7,.620,.250,.750,4.4,14.2,9.4,57.5,1.3,0.0,15.8,17.8,0.4,0.1,0.6,.339,4.7,2.4,7.1,0.2,,gaineco01
158,Henry James,28,LAC,PF,12,0,75,12.5,.464,.429,.119,8.6,11.2,9.9,2.1,1.3,0.0,4.3,25.5,0.0,0.0,0.1,.041,-1.2,-3.8,-5.0,-0.1,,jameshe01
159,Andrew Gaze,28,WSB,SG,7,0,70,10.5,.615,.471,.118,1.6,10.2,5.8,10.3,1.4,0.9,14.4,12.8,0.1,0.0,0.1,.074,-1.7,-1.1,-2.8,0.0,,gazean01
160,Tito Horford,28,WSB,C,3,0,28,1.8,.000,.000,.000,4.1,8.5,6.3,0.0,1.8,6.7,33.3,4.6,-0.1,0.0,0.0,-0.073,-7.4,2.4,-4.9,0.0,,horfoti01
161,Tracy Moore,28,DET,SG,3,0,10,33.0,.773,.000,.667,0.0,11.2,5.5,0.0,10.2,0.0,0.0,17.0,0.1,0.0,0.1,.395,6.0,10.8,16.8,0.0,,mooretr01
162,Rod Strickland,27,POR,PG,82,58,2889,19.8,.543,.009,.431,4.4,9.8,7.0,38.2,2.5,0.5,16.5,22.0,6.3,3.0,9.3,.155,3.1,0.5,3.6,4.1,,stricro02
163,Dikembe Mutombo,27,DEN,C,82,82,2853,17.9,.590,.002,.684,11.5,25.8,18.9,6.6,1.0,7.4,19.8,15.6,2.9,6.4,9.4,.158,0.1,3.0,3.2,3.7,DPOY-3,mutomdi01
164,Clifford Robinson,27,POR,C,82,64,2853,17.4,.513,.038,.328,6.0,15.4,10.5,8.9,2.0,2.5,9.5,25.4,3.7,3.7,7.5,.126,0.6,0.6,1.1,2.3,AS,robincl02
165,Sherman Douglas,27,BOS,PG,78,78,2789,14.3,.500,.061,.300,2.8,5.0,3.9,35.8,1.6,0.2,18.3,19.8,1.9,0.8,2.7,.046,0.8,-2.2,-1.4,0.4,,douglsh01
166,Hersey Hawkins,27,CHH,SG,82,82,2648,15.6,.579,.274,.421,3.8,11.7,7.9,11.6,2.5,0.5,13.4,18.9,4.4,2.1,6.5,.118,0.9,0.1,1.0,2.0,,hawkihe01
167,Derrick McKey,27,IND,SF,76,76,2613,13.3,.554,.044,.358,5.9,11.7,8.9,18.8,2.2,1.3,21.7,17.6,1.7,3.3,5.0,.092,-0.2,1.1,0.9,1.9,,mckeyde01
168,Danny Manning,27,2TM,PF,68,66,2520,16.4,.519,.014,.284,5.6,14.2,9.9,17.2,1.9,2.0,14.7,26.3,0.7,2.8,3.5,.066,-0.1,0.6,0.5,1.6,AS,mannida01
169,Willie Anderson,27,SAS,SG,80,79,2488,14.2,.523,.081,.204,3.2,7.5,5.5,21.6,1.5,1.2,14.4,19.2,3.2,2.3,5.6,.107,0.2,0.1,0.3,1.4,,anderwi01
170,Kevin Johnson,27,PHO,PG,67,67,2449,20.6,.566,.028,.473,2.6,5.1,3.8,38.5,2.5,0.3,16.6,24.3,7.0,1.7,8.7,.170,4.1,-0.7,3.4,3.4,MVP-11ASNBA2,johnske02
171,Micheal Williams,27,MIN,PG,71,66,2206,18.0,.563,.066,.578,3.6,8.0,5.9,37.8,2.7,0.7,19.1,21.1,4.1,1.5,5.6,.122,2.0,-0.1,1.9,2.2,,willimi02
172,Grant Long,27,MIA,PF,69,59,2201,13.9,.507,.009,.354,9.8,15.8,12.8,11.5,2.1,0.8,13.9,17.7,2.6,2.5,5.1,.111,-0.4,0.4,0.1,1.1,,longgr01
173,Rik Smits,27,IND,C,78,75,2113,19.7,.580,.001,.325,7.7,18.4,13.2,13.0,1.2,2.6,12.5,25.0,4.7,3.0,7.8,.177,1.6,0.6,2.2,2.3,,smitsri01
174,Brian Shaw,27,MIA,SG,77,52,2037,13.4,.491,.324,.133,5.8,13.7,9.7,28.2,1.8,0.7,19.7,18.6,1.2,2.0,3.2,.076,0.7,0.1,0.8,1.4,,shawbr01
175,Vinny Del Negro,27,SAS,SG,77,56,1949,15.3,.545,.068,.268,1.6,7.4,4.6,25.5,1.7,0.0,12.6,18.6,4.0,1.7,5.7,.140,-0.1,0.0,-0.1,0.9,,delnevi01
176,Anthony Mason,27,NYK,PF,73,12,1903,10.8,.524,.002,.372,9.6,15.7,12.7,11.7,0.8,0.3,17.5,14.1,1.6,3.3,4.9,.123,-1.5,0.9,-0.7,0.6,6MOY-6,masonan01
177,Vincent Askew,27,SEA,SG,80,3,1690,15.9,.551,.055,.372,4.2,8.7,6.5,16.8,2.2,0.8,9.6,18.5,3.9,2.1,6.0,.169,1.1,0.7,1.8,1.6,,askewvi01
178,Andrew Lang,27,ATL,C,82,0,1608,11.0,.499,.009,.231,8.6,12.8,10.7,4.6,1.2,3.5,13.8,15.6,0.5,2.4,2.9,.087,-3.4,0.5,-2.9,-0.4,,langan01
179,Donald Royal,27,ORL,SF,74,0,1357,14.6,.588,.006,.775,7.9,12.6,10.3,6.3,1.9,0.7,14.0,17.0,2.6,1.2,3.8,.135,-0.1,-0.2,-0.3,0.6,,royaldo01
180,Tim Legler,27,DAL,SG,79,0,1322,16.1,.545,.263,.320,2.8,8.4,5.4,15.1,2.0,0.7,9.1,21.2,2.8,0.6,3.4,.124,1.3,-0.5,0.8,0.9,,legleti01
181,Carl Herrera,27,HOU,PF,75,0,1292,9.1,.500,.000,.313,9.2,15.0,12.3,4.1,1.3,1.3,16.4,14.4,0.1,1.9,2.0,.075,-3.9,0.3,-3.6,-0.5,,herreca01
182,Eric Leckner,27,PHI,C,71,36,1163,10.4,.527,.007,.455,7.1,19.6,13.3,11.1,0.8,1.8,20.0,16.0,0.1,0.8,0.9,.036,-4.3,-0.6,-4.9,-0.9,,leckner01
183,Stacey King,27,2TM,C,49,30,1053,11.6,.480,.006,.399,10.1,16.6,13.4,8.3,1.5,2.6,17.2,20.2,-0.4,1.3,0.9,.041,-3.2,-0.5,-3.7,-0.4,,kingst01
184,Pooh Richardson,27,IND,PG,37,25,1022,13.3,.477,.034,.218,3.3,9.0,6.2,36.0,1.6,0.2,18.5,20.4,0.4,0.9,1.4,.064,0.2,-0.6,-0.4,0.4,,richapo01
185,Danny Ferry,27,CLE,PF,70,1,965,12.0,.496,.153,.129,5.6,11.3,8.5,12.1,1.5,1.5,10.4,18.3,0.7,1.0,1.7,.084,-1.4,0.0,-1.3,0.2,,ferryda01
186,John Williams,27,LAC,SF,34,6,725,10.5,.469,.106,.191,5.5,13.1,9.3,18.2,1.7,0.8,14.7,13.6,0.3,0.5,0.8,.050,-2.1,0.4,-1.7,0.0,,willijo02
187,Rumeal Robinson,27,2TM,PG,31,0,396,6.1,.398,.132,.191,1.6,7.0,4.3,23.6,2.3,0.5,20.7,22.2,-1.0,0.3,-0.6,-0.077,-6.0,-0.9,-6.9,-0.5,,robinru01
188,Morlon Wiley,27,2TM,PG,16,0,158,4.1,.362,.345,.000,0.0,7.5,3.6,20.1,4.8,0.0,37.0,12.4,-0.4,0.2,-0.2,-0.069,-7.4,2.8,-4.6,-0.1,,wileymo01
189,Todd Lichti,27,3TM,SG,13,0,126,14.5,.468,.039,.490,7.1,12.2,9.7,12.5,2.8,0.5,7.5,22.4,0.1,0.1,0.2,.094,-2.3,-0.9,-3.2,0.0,,lichtto01
190,Alec Kessler,27,MIA,PF,15,0,66,11.8,.579,.360,.320,6.9,10.3,8.6,4.7,0.8,1.0,14.9,21.9,0.1,0.0,0.1,.102,-1.7,-1.4,-3.1,0.0,,kesslal01
191,Roy Marble,27,DEN,SF,5,0,32,-3.5,.150,.000,.250,10.8,16.8,13.9,4.2,0.0,3.9,18.4,21.7,-0.2,0.0,-0.2,-0.285,-10.4,-5.3,-15.7,-0.1,,marblro01
192,Glen Rice,26,MIA,SF,81,81,2999,18.5,.552,.243,.200,2.9,13.6,8.2,10.5,1.9,0.7,7.8,24.1,7.3,2.9,10.2,.163,2.9,-0.2,2.7,3.6,,ricegl01
193,Mookie Blaylock,26,ATL,PG,81,81,2915,19.6,.487,.316,.147,4.4,11.6,8.0,40.4,3.7,1.0,14.6,19.8,4.9,5.3,10.2,.168,3.4,2.3,5.7,5.7,MVP-11DPOY-7ASDEF1,blaylmo01
194,Nick Anderson,26,ORL,SG,81,81,2811,16.9,.549,.298,.237,4.6,14.3,9.5,15.7,2.4,0.7,12.4,20.2,4.6,3.0,7.6,.129,2.0,0.6,2.5,3.2,,anderni01
195,Derrick Coleman,26,NJN,PF,77,77,2778,21.4,.534,.100,.469,9.8,23.5,16.5,15.6,1.2,3.2,12.5,25.3,5.5,4.4,9.9,.171,3.3,1.0,4.3,4.4,ASNBA3,colemde01
196,Terry Mills,26,DET,PF,80,74,2773,17.7,.552,.063,.197,7.6,19.4,13.4,10.8,1.2,1.5,10.9,22.2,4.5,1.8,6.3,.110,1.0,-0.5,0.5,1.7,,millste01
197,B.J. Armstrong,26,CHI,PG,82,82,2770,14.5,.547,.134,.225,1.2,6.0,3.6,18.0,1.5,0.2,10.6,19.8,4.9,2.6,7.5,.130,0.3,-0.4,-0.1,1.3,AS,armstbj01
198,Dana Barros,26,PHI,PG,81,70,2519,16.0,.571,.403,.165,1.2,7.3,4.3,27.2,2.1,0.1,15.1,19.1,3.9,0.8,4.7,.089,1.7,-1.1,0.6,1.7,,barroda01
199,Dino Radja,26,BOS,PF,80,47,2303,18.2,.562,.001,.320,9.3,19.0,14.1,7.9,1.5,1.8,12.2,23.0,3.8,2.2,5.9,.124,0.6,-0.6,0.0,1.2,,radjadi01
200,Felton Spencer,26,UTA,C,79,79,2210,11.7,.540,.000,.536,12.5,21.8,17.2,2.8,1.0,2.1,16.9,15.1,1.4,3.2,4.7,.102,-2.5,-0.6,-3.1,-0.6,,spencfe01
201,Doug West,26,MIN,SG,72,61,2182,13.3,.532,.009,.259,3.4,8.9,6.2,14.1,1.5,0.7,12.1,22.6,1.6,0.9,2.6,.056,-1.3,-1.2,-2.6,-0.3,,westdo01
202,Rex Chapman,26,WSB,SG,60,59,2025,16.9,.572,.191,.238,3.2,5.2,4.2,15.3,1.5,0.2,10.9,22.7,4.2,-0.3,3.9,.092,2.4,-2.2,0.3,1.2,,chapmre01
203,Greg Anthony,26,NYK,PG,80,36,1994,13.0,.487,.280,.294,2.5,8.1,5.4,27.3,3.0,0.5,16.5,17.0,1.6,3.9,5.5,.132,-0.8,2.4,1.6,1.8,,anthogr01
204,Negele Knight,26,2TM,PG,65,18,1438,13.8,.539,.044,.366,2.3,5.6,4.0,21.2,1.3,0.5,14.6,20.1,2.2,1.0,3.2,.108,-0.6,-0.9,-1.5,0.2,,knighne01
205,Chris Gatling,26,GSW,C,82,23,1296,18.7,.607,.002,.451,12.2,20.8,16.6,4.7,1.5,3.0,13.2,20.3,2.8,1.7,4.5,.168,-0.1,-0.2,-0.4,0.6,,gatlich01
206,Pervis Ellison,26,WSB,C,47,24,1178,10.7,.514,.010,.332,7.5,16.7,12.0,8.6,1.1,2.7,17.9,14.9,0.3,0.5,0.7,.030,-2.8,-0.2,-3.0,-0.3,,ellispe01
207,Lloyd Daniels,26,SAS,SG,65,5,980,11.2,.462,.336,.172,5.4,7.2,6.4,14.5,1.6,1.1,13.0,21.0,0.2,0.9,1.1,.054,-0.3,-0.5,-0.7,0.3,,daniell01
208,Tom Hammonds,26,DEN,PF,74,2,877,12.4,.546,.000,.452,8.1,16.8,12.6,5.8,1.1,0.9,12.9,15.4,1.0,1.2,2.2,.118,-1.4,0.1,-1.3,0.2,,hammoto01
209,Matt Bullard,26,HOU,PF,65,0,725,8.8,.476,.681,.115,3.7,8.9,6.4,12.6,1.0,0.5,10.5,16.2,0.2,0.8,1.0,.068,-1.4,-0.4,-1.8,0.0,,bullama01
210,Marty Conlon,26,2TM,C,30,9,579,15.0,.619,.012,.321,10.4,16.6,13.5,8.7,0.8,0.9,14.9,16.3,1.2,0.3,1.4,.120,0.2,-1.9,-1.7,0.0,,conloma01
211,Josh Grant,26,GSW,PF,53,0,382,11.7,.494,.418,.199,7.8,17.3,12.6,8.6,2.3,1.3,15.9,20.4,0.0,0.5,0.5,.060,-2.5,0.1,-2.3,0.0,,grantjo01
212,Randy White,26,DAL,PF,18,3,320,11.4,.454,.179,.295,9.8,20.1,14.6,5.4,1.6,2.1,12.5,19.1,-0.1,0.3,0.2,.032,-3.0,-0.9,-3.8,-0.1,,whitera01
213,Keith Askins,26,MIA,SF,37,0,319,8.2,.460,.239,.114,11.7,17.5,14.6,5.9,1.8,0.2,18.5,15.3,-0.1,0.4,0.3,.044,-4.2,-0.4,-4.6,-0.2,,askinke01
214,Terry Davis,26,DAL,PF,15,5,286,9.6,.436,.000,.203,11.0,18.7,14.5,3.0,1.6,0.2,7.2,10.3,0.2,0.2,0.4,.059,-2.2,-1.1,-3.3,-0.1,,daviste01
215,Ervin Johnson,26,SEA,C,45,3,280,16.1,.463,.000,.434,20.3,29.7,25.0,3.6,1.8,5.6,16.0,23.0,0.0,0.7,0.7,.114,-3.6,-1.1,-4.8,-0.2,,johnser02
216,Reggie Jordan,26,LAL,SG,23,0,259,20.1,.498,.039,.495,18.5,9.2,14.0,15.1,2.7,1.2,10.0,22.7,0.6,0.2,0.8,.142,3.8,-0.7,3.1,0.3,,jordare01
217,Anthony Cook,26,2TM,PF,25,0,203,11.3,.477,.019,.463,10.7,21.6,15.8,3.1,0.8,4.6,15.6,16.4,-0.1,0.2,0.1,.020,-3.8,-1.1,-4.9,-0.1,,cookan01
218,Jaren Jackson,26,POR,SG,29,0,187,9.5,.429,.069,.161,3.4,6.7,4.9,21.5,1.0,0.7,13.1,23.4,-0.1,0.1,0.0,.000,-3.2,-1.2,-4.4,-0.1,,jacksja01
219,Mark Randall,26,DEN,PF,28,0,155,11.2,.465,.280,.560,6.7,9.0,7.9,10.3,2.6,1.2,13.8,19.9,0.0,0.2,0.2,.074,-2.6,0.4,-2.2,0.0,,randama01
220,Steve Scheffler,26,SEA,C,35,1,152,17.7,.684,.000,.435,8.6,11.7,10.1,6.0,2.3,0.0,12.7,17.7,0.5,0.2,0.7,.228,0.2,-0.2,0.0,0.1,,schefst01
221,Paul Graham,26,ATL,SG,21,0,128,13.1,.450,.228,.298,3.4,6.9,5.2,15.4,1.6,2.5,7.2,23.3,0.1,0.2,0.2,.090,-1.6,-0.6,-2.1,0.0,,grahapa01
222,Tony Harris,26,BOS,SG,5,0,88,14.9,.524,.290,.806,3.8,9.0,6.4,12.4,2.3,0.0,12.5,23.7,0.1,0.1,0.2,.106,0.8,0.5,1.2,0.1,,harrito01
223,Larry Robinson,26,HOU,SG,6,0,55,13.0,.531,.400,.400,8.6,11.5,10.1,17.4,6.4,0.0,29.8,27.0,-0.1,0.1,0.0,-0.002,-5.0,2.2,-2.9,0.0,,robinla01
224,Skeeter Henry,26,PHO,SG,4,0,15,5.6,.296,.400,.800,0.0,14.8,7.5,33.2,0.0,0.0,12.9,21.7,0.0,0.0,0.0,-0.087,-7.3,-5.4,-12.7,0.0,,henrysk01
225,Dave Jamerson,26,2TM,SG,5,0,14,-8.5,.120,.000,.429,0.0,31.1,15.4,8.9,0.0,0.0,10.7,28.4,-0.1,0.0,-0.1,-0.403,-16.3,-6.2,-22.4,-0.1,,jamerda01
226,Ricky Grace,26,ATL,PG,3,0,8,10.8,.515,.000,.667,0.0,13.8,6.9,21.9,0.0,0.0,0.0,20.8,0.0,0.0,0.0,.103,-5.4,1.5,-3.9,0.0,,graceri01
227,Gary Payton,25,SEA,PG,82,82,2881,17.8,.526,.047,.241,4.3,6.8,5.5,26.7,3.3,0.5,11.9,21.6,5.2,4.1,9.3,.155,1.9,1.3,3.1,3.7,MVP-6DPOY-5ASNBA3DEF1,paytoga01
228,Dee Brown,25,BOS,SG,77,76,2867,16.0,.533,.094,.214,2.5,9.4,5.9,18.2,2.7,1.0,10.1,18.8,4.1,2.3,6.4,.108,0.4,1.2,1.5,2.5,,brownde01
229,Lionel Simmons,25,SAC,SF,75,74,2702,14.8,.496,.017,.324,6.6,16.3,11.4,17.5,1.9,1.2,13.9,20.6,1.5,2.3,3.8,.067,0.2,0.0,0.2,1.5,,simmoli01
230,Vlade Divac,25,LAL,C,79,73,2685,18.8,.546,.053,.339,10.9,24.0,17.2,17.2,1.7,2.6,15.7,19.1,4.2,3.2,7.4,.132,1.5,0.8,2.3,2.9,,divacvl01
231,Stacey Augmon,25,ATL,SG,82,82,2605,17.9,.576,.008,.506,7.5,9.2,8.3,11.0,2.9,1.1,12.3,19.8,5.7,4.0,9.7,.179,1.3,1.4,2.7,3.1,,augmost01
232,Eric Murdock,25,MIL,PG,82,76,2533,20.3,.549,.165,.283,3.9,8.2,5.9,36.9,4.0,0.3,15.2,23.1,5.1,2.2,7.2,.137,3.1,0.8,4.0,3.8,,murdoer01
233,Kendall Gill,25,SEA,SG,79,77,2435,15.6,.510,.124,.284,4.4,8.6,6.5,16.9,3.1,0.9,11.6,21.7,3.1,3.6,6.7,.132,0.5,0.9,1.3,2.1,,gillke01
234,Sean Elliott,25,DET,SF,73,73,2409,11.3,.510,.110,.219,3.1,9.1,6.0,12.5,1.1,0.7,13.0,18.1,1.0,0.4,1.4,.028,-1.4,-1.0,-2.4,-0.2,,elliose01
235,Dennis Scott,25,ORL,SF,82,37,2283,14.1,.513,.409,.168,2.7,8.0,5.4,13.9,1.8,0.9,8.4,20.8,3.4,1.5,5.0,.104,1.3,-0.4,0.8,1.6,,scottde01
236,Elden Campbell,25,LAL,PF,76,74,2253,15.2,.503,.002,.338,7.7,17.7,12.5,5.7,1.4,4.1,9.6,19.2,2.0,2.2,4.2,.089,-1.1,-0.1,-1.2,0.5,,campbel01
237,Loy Vaught,25,LAC,PF,75,56,2118,16.0,.566,.007,.262,11.0,21.8,16.5,5.2,1.7,0.6,11.0,17.0,3.4,2.2,5.5,.125,-0.1,-1.2,-1.3,0.3,,vaughlo01
238,Toni Kukoč,25,CHI,SF,75,8,1808,15.4,.497,.163,.289,6.3,12.9,9.6,21.5,2.3,1.3,16.9,24.1,0.5,2.7,3.2,.086,0.5,0.5,1.0,1.4,,kukocto01
239,Antonio Davis,25,IND,PF,81,4,1732,15.2,.561,.002,.711,13.2,20.3,16.9,4.7,1.3,3.3,16.1,16.8,2.3,2.8,5.0,.139,-0.2,0.3,0.1,0.9,,davisan01
240,Bimbo Coles,25,MIA,PG,76,4,1726,13.0,.510,.191,.252,3.3,7.2,5.2,22.7,2.2,0.5,15.7,17.1,1.8,1.4,3.2,.089,-0.3,0.2,0.0,0.9,,colesbi01
241,Tony Smith,25,LAL,SG,73,31,1617,12.8,.482,.081,.193,6.8,6.2,6.5,13.8,1.8,0.5,10.2,19.4,1.2,0.5,1.7,.050,-0.6,-1.4,-2.0,0.0,,smithto02
242,Luc Longley,25,2TM,C,76,46,1502,13.5,.508,.002,.269,10.2,23.4,16.9,11.3,1.5,3.4,18.6,18.7,0.0,2.2,2.2,.071,-2.7,1.0,-1.6,0.1,,longllu01
243,Tyrone Hill,25,CLE,PF,57,20,1447,18.4,.590,.005,.643,14.7,25.3,20.0,5.0,1.9,1.6,13.3,18.2,3.3,2.4,5.7,.191,0.6,-0.3,0.3,0.8,,hillty01
244,Anthony Bonner,25,NYK,SF,73,38,1402,12.6,.560,.000,.365,12.4,15.4,13.9,9.4,2.8,0.7,21.0,13.2,0.9,3.2,4.1,.140,-1.4,2.4,1.0,1.1,,bonnean01
245,Pete Chilcutt,25,2TM,PF,76,24,1365,12.7,.472,.033,.145,10.1,19.8,14.9,9.7,1.9,1.8,13.4,17.2,0.1,1.4,1.5,.052,-2.2,-0.1,-2.3,-0.1,,chilcpe01
246,J.R. Reid,25,SAS,PF,70,11,1344,14.7,.525,.006,.289,8.0,10.3,9.2,8.9,1.7,1.2,12.3,22.7,1.5,1.5,3.0,.107,-1.3,-0.6,-1.9,0.1,,reidjr01
247,Trevor Wilson,25,2TM,PF,57,13,1221,11.8,.505,.005,.428,10.5,14.0,12.2,9.0,1.5,0.6,16.8,19.1,0.0,0.8,0.8,.031,-2.0,-1.3,-3.3,-0.4,,wilsotr01
248,Derek Strong,25,MIL,PF,67,11,1131,14.6,.514,.038,.604,10.5,18.5,14.3,6.6,1.7,0.8,12.4,18.8,1.3,0.8,2.1,.088,-0.7,-1.9,-2.5,-0.2,,stronde01
249,Keith Jennings,25,GSW,PG,76,2,1097,15.5,.547,.442,.351,1.6,7.1,4.4,26.1,2.9,0.0,15.8,17.6,2.0,0.9,2.9,.126,1.4,0.2,1.6,1.0,,jennike01
250,David Benoit,25,UTA,SF,55,18,1070,10.9,.448,.163,.244,9.7,18.2,14.0,3.2,1.1,2.4,8.5,18.1,0.1,1.5,1.6,.072,-2.4,-1.1,-3.5,-0.4,,benoida01
251,Randy Brown,25,SAC,PG,61,2,1041,9.3,.472,.016,.347,4.1,7.7,5.9,18.3,3.0,0.9,20.6,14.8,-0.4,0.8,0.4,.017,-4.0,1.0,-3.0,-0.3,,brownra02
252,Brent Price,25,WSB,PG,65,13,1035,13.2,.549,.460,.267,3.4,6.8,5.1,30.5,2.7,0.1,24.6,20.0,0.5,0.2,0.7,.033,-0.2,-1.9,-2.1,0.0,,pricebr01
253,Jayson Williams,25,NJN,PF,70,0,877,13.0,.466,.000,.406,12.9,18.8,15.8,4.5,1.0,2.5,9.2,18.3,0.7,1.1,1.8,.099,-2.8,-0.8,-3.6,-0.4,,willija01
254,Willie Burton,25,MIA,SF,53,1,697,15.6,.526,.053,.558,8.1,14.0,11.1,8.9,1.3,2.0,13.3,25.1,0.9,0.7,1.6,.113,-0.7,-1.0,-1.7,0.1,,burtowi01
255,Corie Blount,25,CHI,PF,67,8,690,12.3,.478,.000,.431,12.9,20.0,16.5,11.4,1.4,3.3,20.1,16.6,0.0,1.2,1.2,.085,-3.2,1.0,-2.3,0.0,,blounco01
256,Duane Causwell,25,SAC,C,41,8,674,11.8,.545,.000,.496,10.8,19.6,15.1,2.3,1.4,4.6,16.5,12.5,0.4,0.8,1.2,.085,-3.2,0.6,-2.6,-0.1,,causwdu01
257,Scott Williams,25,CHI,C,38,11,638,15.4,.518,.021,.415,12.6,20.6,16.6,9.5,1.3,2.3,13.6,22.4,0.6,1.1,1.7,.125,-2.3,-0.4,-2.7,-0.1,,willisc01
258,Chris Corchiani,25,BOS,PG,51,0,467,10.4,.528,.404,.404,1.9,8.7,5.3,24.5,2.4,0.3,25.6,13.8,0.1,0.3,0.4,.038,-2.4,0.0,-2.4,0.0,,corchch01
259,Dwayne Schintzius,25,NJN,C,30,7,319,7.8,.372,.000,.202,8.4,21.2,14.7,5.8,1.1,3.3,12.4,13.8,-0.3,0.5,0.2,.029,-5.5,0.5,-5.0,-0.2,,schindw01
260,Marcus Liberty,25,2TM,SF,38,0,285,8.0,.389,.228,.317,10.0,13.7,11.9,9.4,2.0,0.9,14.6,25.2,-0.7,0.2,-0.5,-0.088,-4.9,-2.1,-7.0,-0.4,,liberma01
261,Jud Buechler,25,GSW,SF,36,0,218,14.9,.571,.345,.238,6.6,9.3,7.9,10.6,1.8,0.3,11.5,19.8,0.4,0.1,0.5,.112,0.3,-1.0,-0.7,0.1,,buechju01
262,Alaa Abdelnaby,25,BOS,PF,13,0,159,9.2,.485,.000,.455,8.5,24.2,16.3,2.7,0.6,1.2,20.5,22.6,-0.2,0.1,-0.1,-0.032,-5.3,-2.2,-7.4,-0.2,,abdelal01
263,Richard Petruška,25,HOU,C,22,0,92,12.3,.535,.326,.174,11.5,25.2,18.7,1.8,1.1,2.0,23.2,31.0,-0.2,0.2,0.0,-0.014,-5.6,-2.6,-8.2,-0.1,,petruri01
264,Dan O'Sullivan,25,DET,C,13,0,56,6.6,.492,.000,1.000,3.9,16.1,9.9,7.3,0.0,0.0,14.8,15.9,0.0,0.0,0.0,.017,-5.8,-2.0,-7.8,-0.1,,osullda01
265,Michael Curry,25,PHI,SG,10,0,43,-3.9,.286,.143,.286,0.0,2.6,1.3,3.3,1.2,0.0,16.0,19.0,-0.2,0.0,-0.2,-0.217,-10.7,-2.8,-13.5,-0.1,,currymi01
266,Larry Stewart,25,WSB,SF,3,0,35,13.6,.524,.000,1.250,3.3,20.4,11.7,7.9,2.9,1.8,13.9,17.7,0.0,0.0,0.1,.083,-2.5,1.9,-0.6,0.0,,stewala01
267,Andrés Guibert,25,MIN,C,5,0,33,6.1,.331,.000,.300,36.4,20.8,28.4,10.5,0.0,1.9,20.9,37.9,-0.2,0.0,-0.2,-0.243,-9.6,-8.9,-18.5,-0.1,,guibean01
268,Greg Foster,25,MIL,PF,3,0,19,14.7,.635,.000,.286,0.0,19.2,9.1,0.0,0.0,3.6,11.3,20.2,0.0,0.0,0.0,.106,-2.9,1.2,-1.8,0.0,,fostegr01
269,Steve Henson,25,CHH,PG,3,0,17,9.7,.750,.500,.000,0.0,6.3,3.3,37.0,0.0,0.0,33.3,7.5,0.0,0.0,0.0,.106,0.6,0.6,1.3,0.0,,hensost01
270,Chucky Brown,25,DAL,SF,1,0,10,10.8,1.042,.000,1.000,0.0,12.1,5.6,0.0,0.0,0.0,0.0,6.1,0.0,0.0,0.0,.183,-0.8,0.0,-0.9,0.0,,brownch01
271,Tom Gugliotta,24,WSB,PF,78,78,2795,17.9,.514,.128,.268,7.8,23.0,15.2,16.0,3.1,1.1,16.0,23.7,1.1,2.7,3.8,.066,1.1,0.3,1.4,2.4,,guglito01
272,Steve Smith,24,MIA,SG,78,77,2776,17.2,.552,.243,.304,6.4,8.0,7.2,22.5,1.5,0.9,14.2,22.1,6.2,1.9,8.1,.141,3.2,-0.6,2.6,3.2,,smithst01
273,Billy Owens,24,GSW,PF,79,72,2738,15.6,.532,.015,.336,9.3,15.9,12.6,16.8,1.5,1.3,16.1,20.0,3.0,2.6,5.7,.099,0.5,-0.1,0.4,1.7,,owensbi01
274,Mahmoud Abdul-Rauf,24,DEN,PG,80,78,2617,16.7,.521,.104,.179,1.2,5.8,3.6,24.1,1.6,0.2,9.9,24.9,4.4,2.4,6.8,.125,1.5,-0.7,0.8,1.9,,abdulma02
275,Shawn Kemp,24,SEA,PF,79,73,2597,22.9,.593,.004,.496,14.2,24.7,19.4,12.4,2.8,4.6,17.7,24.2,5.6,6.0,11.7,.216,2.4,2.0,4.4,4.2,MVP-7ASNBA2,kempsh01
276,Don MacLean,24,WSB,SF,75,69,2487,17.8,.566,.020,.386,6.5,15.7,11.0,10.7,0.9,0.6,11.2,23.4,5.3,0.3,5.6,.108,1.6,-2.2,-0.6,0.9,MIP-1,macledo01
277,Christian Laettner,24,MIN,PF,70,67,2428,16.8,.536,.028,.542,7.9,20.9,14.5,21.3,1.8,2.3,19.1,24.4,1.4,2.6,4.1,.081,0.5,0.7,1.2,1.9,,laettch01
278,Dale Davis,24,IND,PF,66,64,2292,15.9,.542,.002,.505,14.7,21.3,18.1,6.5,1.1,3.2,12.5,15.6,3.5,3.6,7.0,.147,1.0,0.3,1.2,1.9,,davisda01
279,Todd Day,24,MIL,SG,76,39,2127,13.5,.488,.175,.392,5.9,11.2,8.4,10.7,2.5,1.7,11.5,22.8,0.6,1.5,2.1,.047,-1.2,-0.7,-1.9,0.1,,dayto01
280,Rick Fox,24,BOS,SF,82,53,2096,14.4,.535,.137,.316,5.6,13.5,9.6,15.3,1.9,1.6,16.0,20.4,1.5,1.7,3.2,.073,-0.4,0.2,-0.2,0.9,,foxri01
281,Chris Mills,24,CLE,SF,79,18,2022,12.6,.492,.180,.260,7.7,15.4,11.5,9.8,1.4,1.6,10.6,18.7,1.7,2.4,4.0,.096,-1.3,-0.1,-1.4,0.3,,millsch01
282,P.J. Brown,24,NJN,C,79,54,1950,12.2,.480,.015,.378,10.0,16.8,13.3,6.7,1.8,3.0,13.3,11.7,1.4,2.8,4.2,.105,-1.5,1.5,0.1,1.0,,brownpj01
283,Elmore Spencer,24,LAC,C,76,63,1930,10.7,.550,.004,.300,5.3,17.4,11.4,5.6,0.7,4.0,21.6,16.7,-1.0,1.6,0.6,.016,-4.1,0.0,-4.1,-1.0,,spencel01
284,Larry Johnson,24,CHH,PF,51,51,1757,16.8,.550,.031,.293,9.3,18.6,14.1,16.0,0.8,0.5,13.3,21.2,2.8,1.1,3.9,.106,1.5,-1.1,0.4,1.1,,johnsla02
285,Doug Smith,24,DAL,PF,79,42,1684,13.5,.476,.013,.187,7.1,16.9,11.6,11.8,2.5,1.5,11.2,20.8,0.7,1.6,2.3,.066,-2.4,0.3,-2.1,-0.1,,smithdo03
286,Cedric Ceballos,24,PHO,SF,53,43,1602,20.9,.566,.011,.278,10.9,13.3,12.1,9.4,1.8,0.9,9.4,25.8,4.1,1.4,5.5,.166,3.2,-0.9,2.3,1.8,,cebalce01
287,Bobby Phills,24,CLE,SG,72,53,1531,14.1,.513,.023,.305,5.4,10.7,8.0,13.8,2.3,0.5,9.8,18.9,1.9,1.7,3.5,.111,-1.1,0.5,-0.6,0.5,,phillbo01
288,Bison Dele,24,DEN,C,80,1,1507,16.5,.574,.006,.455,10.5,22.0,16.4,5.2,1.6,3.6,15.7,18.7,1.8,2.9,4.7,.151,-0.9,1.3,0.4,0.9,,delebi01
289,Robert Pack,24,DEN,PG,66,4,1382,15.0,.520,.058,.469,2.1,7.6,4.9,40.4,2.9,0.4,25.2,25.0,-0.3,1.9,1.7,.057,-0.2,-0.1,-0.2,0.6,,packro01
290,Anthony Avent,24,2TM,PF,74,40,1371,9.2,.430,.000,.309,11.7,16.4,14.0,6.8,1.2,1.5,15.8,16.9,-0.6,1.0,0.4,.014,-3.7,-1.4,-5.1,-1.1,,aventan01
291,Victor Alexander,24,GSW,C,69,39,1318,14.0,.539,.026,.257,9.5,15.7,12.6,7.3,1.0,1.5,13.3,20.2,1.1,1.1,2.3,.083,-1.1,-0.9,-2.1,0.0,,alexavi01
292,Sean Rooks,24,DAL,C,47,28,1255,14.6,.552,.003,.534,7.0,16.9,11.6,6.3,0.9,2.4,14.1,19.1,1.4,0.7,2.2,.083,-0.6,-1.1,-1.7,0.1,,rooksse01
293,Jon Barry,24,MIL,SG,72,7,1242,14.6,.511,.301,.319,3.2,10.8,6.8,21.0,4.2,0.9,16.0,18.1,0.8,1.3,2.1,.080,-1.2,1.8,0.6,0.8,,barryjo01
294,Matt Geiger,24,MIA,C,72,0,1199,16.7,.624,.014,.423,11.2,17.5,14.3,4.2,1.5,1.7,12.7,17.2,3.1,1.4,4.5,.179,0.3,-0.3,0.0,0.6,,geigema01
295,Sam Cassell,24,HOU,PG,66,6,1122,13.1,.506,.227,.276,2.6,10.2,6.6,25.8,2.7,0.4,17.8,20.9,0.4,1.8,2.2,.093,-2.1,1.3,-0.7,0.4,,cassesa01
296,Tony Bennett,24,CHH,PG,74,5,983,9.9,.460,.285,.057,1.9,8.1,5.1,22.2,2.0,0.1,12.9,13.4,0.5,0.5,0.9,.045,-1.9,-0.2,-2.1,0.0,,benneto01
297,Kenny Williams,24,IND,SF,68,1,982,15.8,.509,.010,.164,11.4,12.7,12.1,8.7,1.3,3.4,9.7,20.7,1.2,1.2,2.4,.119,0.5,0.0,0.5,0.6,,willike03
298,Anthony Peeler,24,LAL,SG,30,30,923,13.4,.480,.154,.174,5.4,7.5,6.4,15.9,2.3,0.5,11.8,22.8,0.3,0.4,0.8,.040,-1.1,-1.0,-2.0,0.0,,peelean01
299,LaBradford Smith,24,2TM,SG,66,2,877,11.6,.484,.196,.275,4.2,6.4,5.3,18.7,2.2,0.4,12.7,18.9,0.4,0.4,0.8,.045,-1.7,-0.2,-1.9,0.0,,smithla02
300,Byron Houston,24,GSW,PF,71,2,866,7.5,.488,.040,.305,8.5,15.6,12.1,4.7,1.8,2.2,19.6,11.9,-0.1,1.0,0.9,.050,-5.1,0.8,-4.4,-0.5,,houstby01
301,Doug Overton,24,WSB,PG,61,1,749,8.4,.456,.051,.241,2.9,8.0,5.4,17.7,1.4,0.1,18.4,16.8,-0.4,0.0,-0.4,-0.028,-3.7,-2.3,-6.0,-0.8,,overtdo01
302,Lorenzo Williams,24,3TM,PF,38,11,716,11.1,.450,.009,.255,13.9,20.6,17.0,4.9,1.3,4.3,15.2,8.5,0.4,0.7,1.1,.072,-2.5,0.0,-2.5,-0.1,,willilo01
303,LeRon Ellis,24,CHH,C,50,1,680,13.5,.521,.000,.374,11.7,18.6,15.3,4.9,1.2,2.3,9.0,14.6,1.0,0.6,1.6,.111,-1.2,-0.9,-2.1,0.0,,ellisle02
304,Marlon Maxey,24,MIN,PF,55,2,626,15.4,.590,.012,.587,14.4,22.7,18.6,2.6,1.3,3.4,16.0,17.5,0.9,0.7,1.7,.127,-1.8,-1.0,-2.8,-0.1,,maxeyma01
305,Walter Bond,24,UTA,SG,56,4,559,9.1,.507,.346,.256,4.2,8.3,6.3,8.0,1.5,1.5,8.9,15.1,0.5,0.6,1.0,.089,-2.6,0.3,-2.3,0.0,,bondwa01
306,Jimmy Oliver,24,BOS,SG,44,6,540,10.1,.473,.150,.154,1.7,8.0,4.8,9.1,1.5,0.1,8.4,20.0,0.0,0.2,0.2,.016,-2.9,-1.4,-4.3,-0.3,,oliveji01
307,Bob Martin,24,LAC,C,53,1,535,6.9,.503,.000,.580,7.2,15.9,11.6,4.1,0.7,3.7,20.8,10.8,-0.1,0.4,0.3,.030,-5.9,0.5,-5.4,-0.5,,martibo01
308,Mark Macon,24,2TM,SG,42,1,496,8.0,.410,.054,.185,4.0,5.2,4.6,15.5,4.0,0.1,16.7,21.0,-0.9,0.4,-0.4,-0.042,-6.2,1.4,-4.8,-0.4,,maconma01
309,Elliot Perry,24,PHO,PG,27,9,432,11.3,.419,.027,.248,3.2,7.0,5.1,37.4,2.9,0.1,25.5,16.3,-0.1,0.4,0.3,.031,-2.1,-0.7,-2.7,-0.1,,perryel01
310,Donald Hodge,24,DAL,C,50,0,428,13.1,.549,.000,.515,11.2,13.9,12.5,11.2,1.8,2.1,19.5,15.2,0.5,0.3,0.8,.087,-1.6,0.1,-1.5,0.1,,hodgedo01
311,Darren Morningstar,24,2TM,C,23,15,367,8.9,.504,.000,.366,8.8,16.5,12.4,6.1,1.9,0.4,16.6,13.2,0.1,0.3,0.4,.048,-4.4,-0.1,-4.5,-0.2,,mornida01
312,Joe Courtney,24,2TM,PF,52,1,345,13.4,.498,.020,.318,9.0,9.5,9.2,6.9,1.5,2.3,11.1,23.4,0.2,0.2,0.4,.054,-2.3,-2.0,-4.3,-0.2,,courtjo01
313,John Crotty,24,UTA,PG,45,0,313,17.5,.575,.242,.364,4.1,7.3,5.7,37.0,2.5,0.2,19.0,20.0,0.7,0.3,1.0,.160,2.2,0.3,2.5,0.4,,crottjo01
314,Isaac Austin,24,PHI,C,14,0,201,14.1,.473,.015,.348,13.6,24.1,18.8,13.2,1.2,3.0,18.3,20.1,0.0,0.2,0.2,.040,-2.9,-1.2,-4.2,-0.1,,austiis01
315,Jerrod Mustaf,24,PHO,PF,33,2,196,8.9,.390,.000,.262,11.6,19.9,15.8,5.7,1.0,1.6,9.6,22.2,-0.2,0.2,0.0,.004,-5.7,-3.3,-9.0,-0.3,,mustaje01
316,Kevin Brooks,24,DEN,SF,34,0,190,5.3,.411,.232,.101,3.0,9.1,6.1,2.6,0.0,0.7,10.4,25.9,-0.4,0.1,-0.2,-0.062,-6.0,-3.7,-9.6,-0.4,,brookke01
317,Gerald Madkins,24,CLE,SG,22,0,149,7.4,.494,.484,.323,0.8,7.8,4.3,17.8,3.2,0.0,26.9,14.6,-0.1,0.2,0.1,.019,-4.7,0.8,-4.0,-0.1,,madkige01
318,Duane Cooper,24,PHO,PG,23,2,136,7.9,.504,.171,.366,1.7,5.7,3.7,27.9,1.1,0.0,29.6,20.8,-0.2,0.0,-0.1,-0.038,-4.3,-3.3,-7.6,-0.2,,coopedu01
319,Jay Guidinger,24,CLE,C,32,0,131,10.4,.570,.000,.656,13.3,16.0,14.6,3.4,1.6,2.5,28.0,19.6,-0.1,0.2,0.1,.042,-5.5,-0.6,-6.2,-0.1,,guidija01
320,Chris King,24,SEA,SF,15,0,86,13.1,.463,.146,.542,6.9,13.8,10.3,20.5,2.3,0.0,16.8,35.6,-0.1,0.1,0.0,.002,-4.5,-2.5,-7.0,-0.1,,kingch01
321,Rich King,24,SEA,C,27,0,78,12.9,.469,.029,.647,13.6,16.8,15.2,15.7,0.6,1.8,13.8,27.8,0.0,0.1,0.1,.070,-4.3,-1.4,-5.8,-0.1,,kingri01
322,Chris Jent,24,HOU,SF,3,0,78,11.0,.577,.423,.077,6.0,14.8,10.7,14.0,0.0,0.0,15.7,18.1,0.1,0.1,0.2,.100,-2.2,-2.2,-4.4,0.0,,jentch01
323,Gary Alexander,24,2TM,PF,11,0,55,8.6,.529,.000,.643,14.7,16.8,15.8,5.4,2.9,0.0,30.8,21.0,-0.1,0.1,0.0,-0.032,-6.6,-1.5,-8.1,-0.1,,alexaga01
324,Chad Gallagher,24,UTA,C,2,0,3,66.8,1.000,.000,.000,0.0,0.0,0.0,0.0,0.0,0.0,0.0,44.2,0.1,0.0,0.1,1.442,20.4,9.6,30.1,0.0,,gallach01
325,Geert Hammink,24,ORL,C,1,0,3,20.0,.333,.000,.000,37.8,0.0,18.7,64.9,0.0,0.0,0.0,42.7,0.0,0.0,0.0,.101,-0.8,-2.4,-3.2,0.0,,hammige01
326,Latrell Sprewell,23,GSW,SG,82,82,3533,15.9,.532,.276,.322,2.5,9.7,6.1,15.3,2.5,1.3,12.3,21.5,4.7,3.2,8.0,.108,1.6,0.3,1.9,3.5,MVP-11ASNBA1DEF2,sprewla01
327,Clarence Weatherspoon,23,PHI,SF,82,82,3147,18.1,.525,.014,.345,8.8,20.2,14.5,10.3,1.6,2.2,12.0,22.5,3.1,2.8,6.0,.091,1.0,-0.6,0.4,1.9,,weathcl01
328,Kenny Anderson,23,NJN,PG,82,82,3135,18.2,.491,.096,.306,2.9,8.0,5.4,40.6,2.5,0.3,14.5,24.6,4.3,3.2,7.5,.114,2.5,-0.1,2.4,3.4,AS,anderke01
329,Jim Jackson,23,DAL,SG,82,82,3066,14.4,.497,.042,.242,5.8,8.7,7.1,21.5,1.4,0.6,17.4,26.5,-0.3,0.8,0.6,.009,0.6,-2.3,-1.7,0.2,,jacksji01
330,Bryant Stith,23,DEN,SG,82,82,2853,12.7,.530,.011,.433,4.8,8.7,6.8,10.4,2.0,0.4,11.9,16.4,3.4,3.4,6.8,.114,-0.8,0.8,0.0,1.4,,stithbr01
331,LaPhonso Ellis,23,DEN,PF,79,79,2699,15.9,.542,.024,.373,9.4,18.4,14.0,10.0,1.2,1.9,13.3,20.4,3.5,4.1,7.6,.135,0.2,0.4,0.6,1.8,,ellisla01
332,Robert Horry,23,HOU,SF,81,81,2370,14.2,.521,.194,.224,6.4,13.9,10.3,14.5,2.5,2.0,15.1,17.0,1.6,4.3,5.9,.120,0.0,2.2,2.2,2.5,,horryro01
333,Lindsey Hunter,23,DET,PG,82,26,2172,12.0,.441,.232,.159,2.4,7.3,4.8,27.7,2.8,0.3,16.1,23.0,-1.8,1.0,-0.8,-0.017,-1.6,-0.6,-2.2,-0.1,,hunteli01
334,Alonzo Mourning,23,CHH,C,60,59,2018,21.7,.588,.002,.672,10.0,23.0,16.7,6.6,0.7,5.7,15.4,27.3,3.8,2.5,6.3,.151,1.2,0.2,1.4,1.7,AS,mournal01
335,Oliver Miller,23,PHO,C,69,30,1786,18.2,.617,.020,.301,8.9,20.9,15.0,19.1,2.3,5.5,24.1,16.0,2.2,3.1,5.3,.142,0.7,4.0,4.6,3.0,,milleol01
336,Popeye Jones,23,DAL,PF,81,47,1773,14.1,.515,.002,.263,17.6,20.9,19.2,8.4,1.7,1.2,17.2,13.1,2.1,1.6,3.6,.098,-0.9,-1.2,-2.1,-0.1,,jonespo01
337,George Lynch,23,LAL,SF,71,46,1762,16.1,.527,.009,.290,13.0,12.2,12.6,8.2,2.9,1.0,11.9,17.5,2.4,1.5,3.9,.107,0.4,-0.4,0.1,0.9,,lynchge01
338,Chris Smith,23,MIN,PG,80,16,1617,10.2,.488,.092,.333,1.1,7.6,4.4,27.4,1.2,0.7,17.2,15.8,0.4,0.5,0.9,.025,-2.0,-1.2,-3.2,-0.5,,smithch03
339,Terrell Brandon,23,CLE,PG,73,10,1548,15.0,.489,.058,.296,2.8,9.1,6.0,27.9,2.8,0.7,15.2,21.1,1.1,1.8,2.9,.091,-0.5,0.8,0.3,0.9,,brandte01
340,Doug Christie,23,LAL,SG,65,34,1515,13.5,.514,.212,.370,6.4,10.6,8.4,13.4,3.0,1.2,17.6,22.1,0.1,1.2,1.4,.044,-1.1,0.0,-1.1,0.3,,chrisdo01
341,Lee Mayberry,23,MIL,PG,82,6,1472,9.4,.493,.296,.209,1.9,6.2,3.9,22.2,1.6,0.2,18.1,15.8,0.1,0.3,0.4,.013,-2.6,-1.6,-4.2,-0.8,,maybele01
342,Walt Williams,23,SAC,SF,57,4,1356,10.4,.467,.228,.402,5.6,13.5,9.5,15.3,1.9,1.1,17.5,25.7,-1.7,1.0,-0.7,-0.024,-3.1,-0.9,-4.1,-0.7,,williwa02
343,Hubert Davis,23,NYK,SG,56,27,1333,14.0,.558,.261,.204,2.0,3.7,2.8,20.4,1.6,0.2,12.1,20.6,2.3,1.9,4.2,.152,1.0,0.5,1.5,1.2,,davishu01
344,Mitchell Butler,23,WSB,SG,75,19,1321,13.0,.521,.012,.431,9.2,10.7,10.0,8.9,2.0,0.9,14.9,19.0,0.7,0.4,1.1,.040,-1.0,-1.4,-2.4,-0.1,,butlemi02
345,Lucious Harris,23,DAL,SG,77,0,1165,11.0,.478,.086,.309,4.0,11.7,7.6,14.3,2.1,0.6,15.1,18.7,-0.1,0.7,0.6,.025,-2.6,-0.5,-3.1,-0.3,,harrilu01
346,Acie Earl,23,BOS,C,74,8,1149,9.2,.463,.003,.430,8.3,16.0,12.1,1.5,1.0,2.9,14.0,19.4,-0.7,0.9,0.2,.008,-5.2,-1.4,-6.5,-1.3,,earlac01
347,Bryon Russell,23,UTA,SF,67,48,1121,11.1,.516,.079,.362,6.4,12.2,9.3,7.0,3.1,1.2,14.5,14.9,0.4,1.7,2.1,.089,-2.6,1.8,-0.8,0.3,,russebr01
348,Harold Ellis,23,LAC,SF,49,16,923,17.2,.593,.014,.510,10.9,6.7,8.8,5.0,3.8,0.1,10.7,17.9,2.0,0.8,2.8,.146,0.4,0.5,0.9,0.7,,ellisha01
349,Greg Graham,23,PHI,SG,70,6,889,11.4,.478,.082,.361,2.6,8.1,5.3,11.5,3.4,0.3,15.5,20.4,-0.5,0.6,0.1,.005,-3.9,0.1,-3.9,-0.4,,grahagr01
350,Warren Kidd,23,PHI,PF,68,14,884,11.3,.597,.000,.509,9.4,19.6,14.5,3.2,1.1,1.6,17.5,12.3,0.8,0.6,1.4,.078,-3.2,-1.0,-4.2,-0.5,,kiddwa01
351,Scott Burrell,23,CHH,SF,51,16,767,10.4,.461,.026,.299,6.8,12.0,9.5,11.1,2.4,1.3,14.5,17.2,-0.2,0.7,0.5,.030,-2.8,0.2,-2.6,-0.1,,burresc01
352,Adam Keefe,23,ATL,PF,63,1,763,12.0,.521,.000,.521,11.1,17.9,14.5,6.4,1.3,0.8,18.6,18.1,0.3,1.1,1.4,.091,-2.9,-0.6,-3.5,-0.3,,keefead01
353,James Robinson,23,POR,PG,58,3,673,10.0,.439,.256,.235,5.3,7.4,6.3,14.5,2.2,1.4,14.2,22.2,-0.5,0.7,0.2,.015,-2.2,0.1,-2.1,0.0,,robinja02
354,Mike Peplowski,23,SAC,C,55,19,667,9.6,.549,.007,.312,7.9,20.1,13.8,5.2,1.3,2.4,17.5,12.3,0.3,0.7,0.9,.066,-4.6,0.1,-4.4,-0.4,,peplomi01
355,Malik Sealy,23,IND,SF,43,5,623,12.1,.456,.058,.318,8.3,13.4,11.0,12.4,2.6,0.9,14.0,25.6,-0.3,0.9,0.6,.043,-3.0,-0.1,-3.1,-0.2,,sealyma01
356,David Wesley,23,NJN,PG,60,0,542,13.0,.464,.270,.305,1.9,6.7,4.3,33.3,3.5,0.5,20.9,19.4,-0.1,0.7,0.6,.053,-1.6,0.6,-0.9,0.2,,wesleda01
357,Jo Jo English,23,CHI,SG,36,0,419,6.3,.470,.132,.163,2.5,10.1,6.3,13.2,1.0,1.6,20.7,18.4,-0.5,0.5,0.0,-0.005,-5.0,-0.5,-5.5,-0.4,,englijo01
358,Rex Walters,23,NJN,SG,48,0,386,16.2,.623,.243,.296,1.6,8.9,5.2,28.6,2.0,0.5,18.8,17.5,0.8,0.4,1.2,.149,0.3,0.1,0.3,0.2,,waltere01
359,Brian Davis,23,MIN,SF,68,3,374,9.2,.420,.024,.540,6.7,10.4,8.6,9.1,2.2,0.7,10.9,20.4,-0.2,0.2,0.0,.000,-3.5,-1.3,-4.7,-0.3,,davisbr02
360,Randy Woods,23,LAC,PG,40,0,352,12.8,.489,.586,.263,4.0,4.8,4.4,28.6,3.3,0.3,18.6,21.4,0.0,0.2,0.3,.035,0.2,-0.6,-0.4,0.1,,woodsra01
361,Stanley Roberts,23,LAC,C,14,14,350,8.5,.436,.000,.440,8.3,19.9,14.1,4.4,0.8,4.3,16.7,16.9,-0.5,0.4,-0.1,-0.014,-5.9,-0.1,-6.0,-0.3,,roberst01
362,Sean Green,23,2TM,SG,36,0,334,7.6,.390,.224,.098,3.3,7.9,5.6,8.1,2.7,1.1,12.4,28.4,-1.1,0.2,-0.9,-0.130,-5.7,-1.8,-7.4,-0.5,,greense01
363,Reggie Smith,23,POR,PF,43,9,316,9.4,.428,.000,.528,13.2,21.2,17.1,1.7,1.8,1.2,11.9,13.0,0.0,0.4,0.4,.068,-3.8,-0.3,-4.0,-0.2,,smithre01
364,Antonio Harvey,23,LAL,PF,27,6,247,8.0,.387,.000,.329,11.0,15.1,13.0,2.8,1.6,4.8,15.8,18.3,-0.4,0.2,-0.2,-0.039,-5.8,-1.1,-6.9,-0.3,,harvean01
365,Eric Riley,23,HOU,C,47,2,219,13.4,.510,.014,.529,12.9,16.8,15.0,6.3,1.2,2.6,14.8,20.5,0.1,0.4,0.4,.097,-3.3,-0.8,-4.0,-0.1,,rileyer01
366,Scott Haskin,23,IND,C,27,2,186,11.3,.515,.000,.422,11.0,22.8,17.1,4.7,0.6,5.5,19.6,15.7,0.0,0.3,0.3,.087,-3.8,1.0,-2.8,0.0,,haskisc01
367,Litterial Green,23,ORL,PG,29,0,126,13.0,.498,.070,.649,5.4,5.3,5.3,10.6,2.4,0.5,15.1,29.2,0.0,0.1,0.1,.044,-3.4,-1.1,-4.5,-0.1,,greenli01
368,Dave Johnson,23,CHI,SG,17,0,119,5.8,.372,.019,.389,8.8,6.9,7.9,5.0,1.8,0.0,12.5,26.9,-0.3,0.1,-0.2,-0.077,-7.2,-4.1,-11.3,-0.3,,johnsda01
369,Doug Edwards,23,ATL,PF,16,0,107,9.4,.384,.020,.327,7.2,11.3,9.2,11.3,1.0,3.0,9.7,24.9,-0.2,0.1,0.0,-0.009,-5.7,-2.4,-8.1,-0.2,,edwardo01
370,Stanley Jackson,23,MIN,SG,17,0,92,17.8,.554,.152,.091,15.7,18.7,17.2,30.4,2.8,0.0,22.6,21.1,0.1,0.1,0.2,.102,1.3,0.1,1.5,0.1,,jacksst01
371,Adonis Jordan,23,DEN,PG,6,0,79,5.6,.326,.435,.000,4.4,4.1,4.2,33.3,0.0,0.8,20.7,15.6,-0.1,0.0,-0.1,-0.037,-2.2,-3.0,-5.3,-0.1,,jordaad01
372,Malcolm Mackey,23,PHO,C,22,0,69,12.6,.395,.054,.216,19.8,19.4,19.6,2.2,0.0,2.7,4.7,25.8,0.0,0.1,0.1,.036,-3.6,-5.1,-8.7,-0.1,,mackema01
373,Stephen Howard,23,UTA,SF,9,0,53,19.4,.645,.000,.941,22.1,12.9,17.4,3.0,1.0,4.0,20.0,25.1,0.1,0.1,0.2,.188,-0.8,-0.8,-1.6,0.0,,howarst01
374,Corey Williams,23,MIN,PG,4,0,46,8.0,.409,.077,.077,2.6,12.5,7.6,20.1,2.2,0.0,13.0,14.7,0.0,0.0,0.0,.009,-5.7,0.5,-5.2,0.0,,willico01
375,Eric Anderson,23,NYK,PF,11,0,39,15.2,.453,.118,.824,17.8,31.3,24.7,8.5,0.0,1.8,7.9,28.3,0.0,0.1,0.1,.126,-3.4,-1.7,-5.1,0.0,,anderer01
376,Matt Wenstrom,23,BOS,C,11,0,37,15.6,.625,.000,1.000,18.2,18.4,18.3,0.0,0.0,3.4,21.7,21.6,0.0,0.0,0.1,.098,-2.2,-1.6,-3.7,0.0,,wenstma01
377,Keith Tower,23,ORL,C,11,0,32,5.5,.444,.000,.000,0.0,20.8,10.5,4.3,0.0,0.0,0.0,12.0,0.0,0.0,0.0,.051,-5.4,-1.4,-6.7,0.0,,towerke01
378,Dell Demps,23,GSW,PG,2,0,11,4.5,.291,.000,.333,0.0,0.0,0.0,12.9,8.8,0.0,12.7,29.5,-0.1,0.0,0.0,-0.207,-10.5,2.4,-8.0,0.0,,dempsde01
379,Anfernee Hardaway,22,ORL,PG,82,82,3015,17.4,.531,.171,.302,7.2,9.1,8.2,26.6,3.2,1.1,19.1,21.7,3.8,3.3,7.1,.112,1.9,1.0,2.9,3.8,ROY-2,hardaan01
380,Nick Van Exel,22,LAL,PG,81,80,2700,13.6,.485,.347,.183,1.8,8.0,4.8,25.4,1.6,0.2,11.3,19.9,2.7,0.7,3.4,.061,0.6,-1.7,-1.1,0.6,,vanexni01
381,Vin Baker,22,MIL,C,82,63,2560,16.1,.526,.006,.473,11.8,16.3,13.9,10.6,1.2,3.0,13.4,20.5,2.6,1.7,4.4,.082,0.0,-1.1,-1.2,0.5,,bakervi01
382,Isaiah Rider,22,MIN,SG,79,60,2415,14.2,.533,.135,.238,5.9,9.3,7.6,15.5,1.1,0.7,15.0,26.2,0.9,0.8,1.7,.034,0.5,-2.2,-1.7,0.2,,rideris01
383,Calbert Cheaney,22,WSB,SG,65,21,1604,14.0,.508,.033,.231,6.3,7.6,6.9,12.9,2.0,0.4,12.3,23.4,1.0,0.2,1.2,.035,-0.9,-1.5,-2.4,-0.2,,cheanca01
384,Allan Houston,22,DET,SG,79,20,1519,9.0,.465,.174,.161,1.4,7.5,4.4,10.5,1.1,0.6,12.1,23.6,-1.3,0.1,-1.2,-0.038,-3.8,-2.1,-5.8,-1.5,,houstal01
385,Rodney Rogers,22,DEN,SF,79,14,1406,12.9,.509,.169,.347,7.4,10.4,8.9,11.4,2.2,2.1,17.3,23.0,-0.1,2.1,2.0,.067,-1.3,0.7,-0.6,0.5,,rogerro01
386,Harold Miner,22,MIA,SG,63,31,1358,14.0,.541,.011,.338,6.2,6.8,6.5,11.3,1.2,0.7,13.5,22.4,1.9,0.7,2.7,.094,-0.2,-1.4,-1.6,0.1,,minerha01
387,Bo Outlaw,22,LAC,SF,37,14,871,14.3,.605,.012,.617,10.0,15.8,12.9,5.6,2.0,2.6,12.7,11.5,1.5,0.9,2.3,.127,-0.5,0.6,0.1,0.5,,outlabo01
388,Tracy Murray,22,POR,SF,66,1,820,15.3,.561,.307,.203,5.5,9.4,7.4,5.8,1.2,1.5,8.7,21.1,1.5,0.7,2.2,.126,1.8,-0.7,1.1,0.7,,murratr01
389,Terry Dehere,22,LAC,PG,64,6,759,9.5,.453,.167,.237,3.5,6.0,4.8,15.2,1.8,0.2,13.9,23.9,-0.7,0.2,-0.4,-0.028,-3.5,-2.3,-5.8,-0.7,,deherte01
390,Gheorghe Mureșan,22,WSB,C,54,2,650,17.4,.571,.000,.302,11.7,23.1,17.3,4.5,2.2,4.6,16.9,21.2,0.6,0.7,1.3,.094,-2.1,0.2,-1.8,0.0,,muresgh01
391,Bobby Hurley,22,SAC,PG,19,19,499,8.4,.421,.110,.205,1.3,6.3,3.7,33.1,1.3,0.1,23.2,17.5,-0.6,0.1,-0.5,-0.044,-3.3,-3.0,-6.4,-0.6,,hurlebo01
392,Chris Whitney,22,SAS,PG,40,4,339,3.5,.406,.366,.183,1.7,7.6,4.8,21.4,1.7,0.2,29.5,16.6,-0.7,0.3,-0.3,-0.049,-7.1,-1.0,-8.2,-0.5,,whitnch01
393,Darnell Mee,22,DEN,SG,38,0,285,6.3,.365,.273,.307,6.9,6.8,6.8,8.0,2.6,2.9,15.3,17.6,-0.6,0.4,-0.1,-0.022,-4.3,1.4,-3.0,-0.1,,meeda01
394,Evers Burns,22,SAC,PF,23,0,143,9.7,.430,.000,.418,9.7,13.3,11.5,9.7,2.1,1.3,9.7,21.3,-0.1,0.1,0.1,.020,-5.0,-0.6,-5.5,-0.1,,burnsev01
395,Luther Wright,22,UTA,C,15,2,92,-0.4,.384,.043,.174,7.6,4.9,6.3,0.0,0.6,1.5,19.5,14.8,-0.2,0.1,-0.1,-0.064,-9.5,-2.8,-12.3,-0.2,,wrighlu01
396,Kevin Thompson,22,POR,C,14,0,58,4.9,.437,.071,.143,12.6,11.8,12.2,6.9,0.0,2.2,25.2,14.0,-0.1,0.0,0.0,-0.016,-7.3,-0.8,-8.1,-0.1,,thompke01
397,Bill Edwards,22,PHI,PF,3,0,44,-0.4,.149,.278,.278,12.4,22.5,17.5,12.3,3.4,1.4,16.5,23.9,-0.3,0.1,-0.3,-0.282,-11.2,-2.4,-13.6,-0.1,,edwarbi01
398,Alphonso Ford,22,SEA,PG,6,0,16,28.9,.576,.077,.154,0.0,0.0,0.0,15.3,6.3,0.0,6.7,39.9,0.0,0.0,0.1,.193,3.8,3.4,7.3,0.0,,fordal01
399,Aaron Williams,22,UTA,PF,6,0,12,-7.0,.237,.000,.125,9.8,19.0,14.4,13.0,0.0,0.0,10.6,34.8,-0.1,0.0,-0.1,-0.327,-17.6,-6.3,-23.9,-0.1,,williaa01
400,Shaquille O'Neal,21,ORL,C,81,81,3224,28.5,.605,.001,.534,13.5,23.7,18.7,11.0,1.2,4.5,10.2,29.0,12.1,4.8,16.9,.252,6.2,0.6,6.8,7.2,MVP-4ASNBA3,onealsh01
401,Jamal Mashburn,21,DAL,SF,79,73,2896,13.2,.480,.216,.317,3.9,10.3,6.8,15.8,1.6,0.3,13.5,26.6,-0.2,1.0,0.9,.014,-0.3,-2.2,-2.4,-0.3,ROY-3,mashbja01
402,Shawn Bradley,21,PHI,C,49,45,1385,11.6,.446,.006,.342,7.7,16.5,12.1,11.1,1.6,6.4,20.8,22.4,-2.7,1.6,-1.1,-0.039,-5.1,1.7,-3.4,-0.5,,bradlsh01
403,Chris Webber,20,GSW,C,76,76,2438,21.7,.559,.014,.342,13.8,17.0,15.4,17.1,1.8,4.1,14.7,23.7,4.6,3.2,7.8,.154,2.9,1.1,4.0,3.6,ROY-1,webbech01
,League Average,,,,,,,,.528,.117,.315,6.4,13.6,10.0,15.6,1.9,1.4,13.8,19.9,,,,,,,,,,-9999